Name,Hash,Id,Tag,Tier,Type,Source,Equippable,Power,Power Limit,Masterwork Type,Masterwork Tier,Owner,Armor2.0,Locked,Equipped,Year,Season,Event,Mobility,Resilience,Recovery,Discipline,Intellect,Strength,Total,Custom,Mobility (Base),Resilience (Base),Recovery (Base),Discipline (Base),Intellect (Base),Strength (Base),Total (Base),Custom (Base),Seasonal Mod,Notes,Perks 0,Perks 1,Perks 2,Perks 3,Perks 4,Perks 5,Perks 6,Perks 7,Perks 8,Perks 9,Perks 10,Perks 11,Perks 12,Perks 13,Perks 14
Tusked Allegiance Helmet,2240729575,"""6917529732177995606""",,Legendary,Helmet,psiops,Titan,1565,,Arc,10,Titan(1597),true,false,false,5,16,,4,8,36,18,14,4,84,52,2,6,24,16,12,2,62,52,combatstyle,,Recovery Mod*,Sidearm Targeting*,Bow Targeting*,Upgrade Armor*,*,*,*,*,Uniformed Officer*,,,,,,
Tusked Allegiance Helmet,2240729575,"""6917529732168627387""",,Legendary,Helmet,psiops,Titan,1559,,Arc,10,Titan(1597),true,false,false,5,16,,9,14,26,24,4,11,88,48,7,2,24,22,2,9,66,48,combatstyle,,Resilience Mod*,Harmonic Siphon*,Deprecated Armor Mod*,Melee Wellmaker*,Descendant Vex Chrome*,Change Energy Type*,*,*,*,*,Omega Mechanos Helm*,Uniformed Officer*,,,
Crushing Helm (CODA),3976073347,"""6917529194599023445""",,Legendary,Helmet,dungeon,Titan,1556,,Void,10,Titan(1597),true,true,false,3,11,,4,4,39,10,4,24,85,37,2,2,27,8,2,22,63,37,combatstyle,,Recovery Mod*,Deprecated Armor Mod*,Deprecated Armor Mod*,Iron Mossbone*,Upgrade Armor*,*,*,*,*,Forbidden Visage Helm*,,,,,
Iron Fellowship Helm,391384020,"""6917529203074890491""",,Legendary,Helmet,ironbanner,Titan,1350,,Solar,1,Titan(1597),true,true,false,3,11,,12,10,8,30,2,2,64,40,12,10,8,30,2,2,64,40,combatstyle,,Iron Vendetta*,Change Energy Type*,*,*,*,*,,,,,,,,,
Lost Pacific Helm,2717194152,"""6917529813041577773""",,Legendary,Helmet,,Titan,1590,,Solar,10,Titan(1597),true,false,false,4,15,,4,32,14,28,8,4,90,44,2,20,12,26,6,2,68,44,combatstyle,,Resilience Mod*,Ashes to Assets*,Harmonic Siphon*,Elemental Ordnance*,Change Energy Type*,*,*,*,*,Omega Mechanos Helm*,,,,,
Lightkin Helm,4129456190,"""6917529371377059815""",,Legendary,Helmet,servitor,Titan,1568,,Arc,10,Titan(1597),true,false,false,4,14,,8,4,28,26,10,11,87,48,6,2,26,14,8,9,65,48,combatstyle,,Discipline Mod*,Submachine Gun Targeting*,Submachine Gun Targeting*,Radiant Light*,Upgrade Armor*,*,*,*,*,Iron Fellowship Helm*,,,,,
Legacy's Oath Helm,3015085684,"""6917529847238650534""",,Legendary,Helmet,deepstonecrypt,Titan,1590,,Stasis,4,Titan(1597),true,false,false,4,12,,12,10,12,14,11,6,65,37,12,10,12,14,11,6,65,37,"combatstyle,deepstonecrypt",,Upgrade Armor*,*,*,*,*,,,,,,,,,,
Iron Forerunner Helm,3106439832,"""6917529613257267907""",,Legendary,Helmet,ironbanner,Titan,1560,,Arc,10,Titan(1597),true,false,false,4,15,,4,22,22,9,4,25,86,29,2,10,20,7,2,23,64,29,combatstyle,,Resilience Mod*,Hand Cannon Targeting*,Upgrade Armor*,*,*,*,*,Bretomart's Iron Helm*,Iron Lord's Pride*,,,,,,
Iron Fellowship Helm,391384020,"""6917529204531695292""",,Legendary,Helmet,ironbanner,Titan,1350,,Void,10,Titan(1597),true,false,false,3,11,,4,23,19,4,28,4,82,45,2,11,17,2,26,2,60,45,combatstyle,,Resilience Mod*,Pulse Rifle Targeting*,Pulse Rifle Targeting*,Iron Mossbone*,Upgrade Armor*,*,*,*,*,Solstice Helm (Resplendent)*,,,,,
Deep Explorer Gauntlets,2616310259,"""6917529817325642632""",,Legendary,Gauntlets,duality,Titan,1580,,Solar,2,Titan(1597),true,false,false,5,17,,2,26,6,16,6,10,66,28,2,26,6,16,6,10,66,28,combatstyle,,Upgrade Armor*,*,*,*,*,,,,,,,,,,
Iron Forerunner Gauntlets,3570243433,"""6917529666731888907""",,Legendary,Gauntlets,ironbanner,Titan,1575,,Stasis,10,Titan(1597),true,false,false,4,15,,10,18,21,11,23,4,87,49,8,6,19,9,21,2,65,49,combatstyle,,Resilience Mod*,Submachine Gun Loader*,Bow Dexterity*,Wicked Overgrowth*,Upgrade Armor*,*,*,*,*,Eater of Worlds Ornament*,Iron Lord's Pride*,,,,
Legacy's Oath Gauntlets,1887490701,"""6917529306238926075""",,Legendary,Gauntlets,deepstonecrypt,Titan,1570,,Arc,10,Titan(1597),true,false,false,4,12,,4,26,18,12,23,4,87,47,2,14,16,10,21,2,65,47,"combatstyle,deepstonecrypt",,Resilience Mod*,Submachine Gun Loader*,Iron Mossbone*,Upgrade Armor*,*,*,*,*,Radegast's Iron Gauntlets*,,,,,,
Iron Will Gauntlets,390139894,"""6917529216424351378""",,Legendary,Gauntlets,ironbanner,Titan,1590,,Solar,10,Titan(1597),true,false,false,4,12,,4,26,12,22,8,9,81,36,2,19,10,20,6,7,64,36,combatstyle,,Minor Resilience Mod*,Impact Induction*,Anti-Barrier Pulse Rifle*,Firepower*,Marble Effigy*,Upgrade Armor*,*,*,*,*,,,,,
Crushing Guard (CODA),818644818,"""6917529194599029179""",,Legendary,Gauntlets,dungeon,Titan,1562,,Arc,10,Titan(1597),true,true,false,3,11,,8,18,22,8,4,24,84,28,6,6,20,6,2,22,62,28,combatstyle,,Resilience Mod*,Momentum Transfer*,Hand Cannon Loader*,Change Energy Type*,*,*,*,*,,,,,,,
Tusked Allegiance Gauntlets,187431790,"""6917529731892442521""",,Legendary,Gauntlets,psiops,Titan,1570,,Stasis,10,Titan(1597),true,false,false,5,16,,4,9,25,18,18,4,78,55,2,7,23,16,16,2,66,55,combatstyle,,Scout Rifle Loader*,Scout Rifle Loader*,Upgrade Armor*,*,*,*,*,Uniformed Officer*,,,,,,,
Illicit Invader Gauntlets,685165933,"""6917529797023475064""",,Legendary,Gauntlets,,Titan,1350,,Arc,10,Titan(1597),true,false,false,4,15,,4,32,14,11,17,8,86,26,2,30,2,9,15,6,64,26,combatstyle,,Recovery Mod*,Deprecated Armor Mod*,Deprecated Armor Mod*,Powerful Friends*,Gambit Leather*,Upgrade Armor*,*,*,*,*,,,,,
Legacy's Oath Plate,751162931,"""6917529325703340555""",,Legendary,Chest Armor,deepstonecrypt,Titan,1570,,Void,10,Titan(1597),true,false,false,4,12,,4,8,28,8,9,18,75,39,2,6,26,6,7,16,63,39,"combatstyle,deepstonecrypt",,Unflinching Scout Rifle Aim*,Unflinching Scout Rifle Aim*,Upgrade Armor*,*,*,*,*,Silimar's Iron Plate*,,,,,,,
Heart of Inmost Light,1341951177,"""6917529746256065049""",,Exotic,Chest Armor,,Titan,1590,,Solar,10,Titan(1597),true,false,false,2,4,,6,19,14,21,23,4,87,42,4,17,12,9,21,2,65,42,combatstyle,,Discipline Mod*,Deprecated Armor Mod*,Concussive Dampener*,Firepower*,Descendant Vex Chrome*,Upgrade Armor*,*,*,*,*,Overflowing Light*,,,,
Crest of Alpha Lupi,1591207519,"""6917529817118289459""",,Exotic,Chest Armor,,Titan,1580,,Solar,2,Titan(1597),true,false,false,1,1,,11,22,3,9,15,8,68,27,11,22,3,9,15,8,68,27,combatstyle,,Upgrade Armor*,*,*,*,*,Survival Well*,,,,,,,,,
Iron Forerunner Plate,2344353519,"""6917529666731888489""",,Legendary,Chest Armor,ironbanner,Titan,1550,,Arc,1,Titan(1597),true,false,false,4,15,,6,2,23,2,17,12,62,42,6,2,23,2,17,12,62,42,combatstyle,,Change Energy Type*,*,*,*,*,Iron Lord's Pride*,,,,,,,,,
Chassis of Rull,3292127945,"""6917529206370575898""",,Legendary,Chest Armor,dcv,Titan,1558,,Solar,10,Titan(1597),true,false,false,3,11,,17,21,10,8,24,8,88,36,15,9,8,6,22,6,66,36,combatstyle,,Resilience Mod*,Unflinching Hand Cannon Aim*,Upgrade Armor*,*,*,*,*,,,,,,,,
Descending Echo Cage,549825413,"""6917529546541709672""",,Legendary,Chest Armor,30th,Titan,1550,,Arc,10,Titan(1597),true,true,false,4,15,,4,16,16,33,4,8,81,42,2,14,14,26,2,6,64,42,combatstyle,,Minor Discipline Mod*,Unflinching Hand Cannon Aim*,Unflinching Hand Cannon Aim*,Upgrade Armor*,*,*,*,*,Artifice Armor*,,,,,,
Cuirass of the Falling Star,2321120637,"""6917529273681931768""",,Exotic,Chest Armor,lostsectors,Titan,1565,,Solar,10,Titan(1597),true,true,false,4,13,,17,14,14,14,13,10,82,35,15,2,12,12,11,8,60,35,combatstyle,,Resilience Mod*,Deprecated Armor Mod*,Deprecated Armor Mod*,Taking Charge*,Iron Mossbone*,Upgrade Armor*,*,*,*,*,Comets Stir in Dream*,Glorious Charge*,,,
Legacy's Oath Plate,751162931,"""6917529234615888660""",,Legendary,Chest Armor,deepstonecrypt,Titan,1350,,Void,8,Titan(1597),true,false,false,4,12,,12,2,29,12,15,2,72,46,12,2,19,12,15,2,62,46,"combatstyle,deepstonecrypt",,Recovery Mod*,Unflinching Fusion Rifle Aim*,Upgrade Armor*,*,*,*,*,,,,,,,,
Dreambane Plate,175015316,"""6917529846773677370""",,Legendary,Chest Armor,moon,Titan,1580,,Arc,7,Titan(1597),true,false,false,4,13,,2,10,21,23,8,2,66,52,2,10,21,23,8,2,66,52,"combatstyle,nightmare",,Upgrade Armor*,*,*,*,*,,,,,,,,,,
War Numen's Boots,4039112898,"""6917529846879821476""",,Legendary,Leg Armor,kf,Titan,1590,,Arc,3,Titan(1597),true,false,false,5,18,,6,19,6,15,7,9,62,28,6,19,6,15,7,9,62,28,"combatstyle,kingsfall",,Upgrade Armor*,*,*,*,*,,,,,,,,,,
Iron Fellowship Greaves,3763521327,"""6917529203098315428""",,Legendary,Leg Armor,ironbanner,Titan,1569,,Arc,10,Titan(1597),true,true,false,3,11,,4,25,16,4,25,10,84,39,2,13,14,2,23,8,62,39,combatstyle,,Resilience Mod*,High-Energy Fire*,Iron Vendetta*,Upgrade Armor*,*,*,*,*,,,,,,,
Prodigal Greaves,1018704301,"""6917529836094283768""",,Legendary,Leg Armor,legendaryengram,Titan,1580,,Arc,1,Titan(1597),true,false,false,4,15,,2,11,11,19,2,6,51,32,2,11,11,19,2,6,51,32,combatstyle,,Change Energy Type*,*,*,*,*,,,,,,,,,,
Atavistic Idol Greaves,1026828708,"""6917529759237845209""",,Legendary,Leg Armor,trials,Titan,1550,,Void,2,Titan(1597),true,false,false,5,17,,2,2,27,17,2,11,61,46,2,2,27,17,2,11,61,46,combatstyle,,Upgrade Armor*,*,*,*,*,,,,,,,,,,
Iron Forerunner Greaves,3862185275,"""6917529521526071052""",,Legendary,Leg Armor,ironbanner,Titan,1350,,Arc,4,Titan(1597),true,false,false,4,15,,7,15,10,2,28,2,64,40,7,15,10,2,28,2,64,40,combatstyle,,Upgrade Armor*,*,*,*,*,Iron Lord's Pride*,,,,,,,,,
Candescent Greaves,2644573111,"""6917529805283063753""",,Legendary,Leg Armor,events,Titan,1590,,Solar,10,Titan(1597),true,false,false,5,17,Solstice,4,28,18,22,4,11,87,28,2,26,6,20,2,9,65,28,combatstyle,,Recovery Mod*,Innervation*,Recuperation*,Firepower*,Change Energy Type*,*,*,*,*,,,,,,
Warmind's Avatar Legplates,4270910189,"""6917529850350218513""",,Legendary,Leg Armor,rasputin,Titan,1580,,Arc,1,Titan(1597),true,false,false,5,19,,7,11,12,11,10,2,53,33,7,11,12,11,10,2,53,33,combatstyle,,Change Energy Type*,*,*,*,*,Seraph Sensor Array*,,,,,,,,,
Greaves of the Great Hunt,3874578566,"""6917529198321314578""",,Legendary,Leg Armor,lastwish,Titan,1350,,Void,10,Titan(1597),true,false,false,3,11,,14,8,19,10,17,-1,67,35,12,6,12,8,15,7,60,35,"combatstyle,lastwish",,Minor Recovery Mod*,Grenade Launcher Scavenger*,Protective Light*,Upgrade Armor*,*,*,*,*,,,,,,,
Iron Forerunner Greaves,3862185275,"""6917529547217852260""",,Legendary,Leg Armor,ironbanner,Titan,1350,,Arc,2,Titan(1597),true,false,false,4,15,,2,13,15,22,2,7,61,39,2,13,15,22,2,7,61,39,combatstyle,,Upgrade Armor*,*,*,*,*,Iron Lord's Pride*,,,,,,,,,
Vigil of Heroes,3722981806,"""6917529195743531759""",,Legendary,Titan Mark,strikes,Titan,1350,,Solar,10,Titan(1597),true,true,false,3,11,,2,2,2,2,7,2,17,0,0,0,0,0,0,0,0,0,combatstyle,,Minor Intellect Mod*,Bomber*,Bomber*,High-Energy Fire*,Vanguard Veteran*,Upgrade Armor*,,,,,,,,,
Iron Forerunner Mark,3591512190,"""6917529715610335453""",junk,Legendary,Titan Mark,ironbanner,Titan,1559,,Stasis,2,Titan(1597),true,false,false,4,15,,0,0,0,0,0,0,0,0,0,0,0,0,0,0,0,0,combatstyle,,Upgrade Armor*,Iron Lord's Pride*,,,,,,,,,,,,,
Iron Fellowship Mark,4201843274,"""6917529203103909649""",,Legendary,Titan Mark,ironbanner,Titan,1550,,Void,10,Titan(1597),true,true,false,3,11,,2,2,2,2,12,2,22,0,0,0,0,0,0,0,0,0,combatstyle,,Intellect Mod*,Perpetuation*,Perpetuation*,Iron Vendetta*,Upgrade Armor*,,,,,,,,,,
Iron Fellowship Mark,4201843274,"""6917529196365416641""",,Legendary,Titan Mark,ironbanner,Titan,1560,,Void,10,Titan(1597),true,true,false,3,11,,2,2,2,2,2,7,17,0,0,0,0,0,0,0,0,0,combatstyle,,Minor Strength Mod*,Deprecated Armor Mod*,Well of Tenacity*,Descendant Vex Chrome*,Change Energy Type*,Substitutional Alloy Mark*,,,,,,,,,
Mark of Medal,617617371,"""6917529737009484903""",,Legendary,Titan Mark,events,Titan,1590,,Solar,10,Titan(1597),true,true,false,5,16,Guardian Games,2,2,12,2,2,2,22,0,0,0,0,0,0,0,0,0,combatstyle,,Recovery Mod*,Low Entropy Superconductor*,Elemental Charge*,Verdigris*,Change Energy Type*,Pfhorian Mark*,,,,,,,,,
Light of the Great Prism,3012927512,"""6917529364424881910""",,Legendary,Titan Mark,vaultofglass,Titan,1350,,Solar,5,Titan(1597),true,false,false,4,14,,0,0,0,0,0,0,0,0,0,0,0,0,0,0,0,0,"combatstyle,vaultofglass",,Upgrade Armor*,,,,,,,,,,,,,,
Mantle of Efrideet,2534676958,"""6917529283461157430""",,Legendary,Hunter Cloak,ironbanner,Hunter,1350,,Void,10,Titan(1597),true,false,false,4,13,,7,2,2,2,2,2,17,0,0,0,0,0,0,0,0,0,combatstyle,,Minor Mobility Mod*,Distribution*,Distribution*,Empowered Finish*,Marble Effigy*,Upgrade Armor*,,,,,,,,,
The Path of Burning Steps,1453120846,"""6917529841812264340""",,Exotic,Leg Armor,lostsectors,Titan,1580,,Arc,2,Titan(1597),true,false,false,4,14,,6,16,12,18,12,2,66,42,6,16,12,18,12,2,66,42,combatstyle,,Upgrade Armor*,*,*,*,*,Firewalker*,,,,,,,,,
Mask of the Quiet One,3883866764,"""6917529835757179536""",,Exotic,Helmet,,Titan,1580,,Arc,3,Titan(1597),true,false,false,1,1,,6,18,9,20,2,10,65,31,6,18,9,20,2,10,65,31,combatstyle,,Upgrade Armor*,*,*,*,*,Dreaded Visage*,,,,,,,,,
Peregrine Greaves,2255796155,"""6917529844956113486""",,Exotic,Leg Armor,,Titan,1583,,Arc,3,Titan(1597),true,false,false,2,7,,7,21,6,2,18,13,67,26,7,21,6,2,18,13,67,26,combatstyle,,Upgrade Armor*,*,*,*,*,Peregrine Strike*,,,,,,,,,
Second Chance,1443166262,"""6917529843648967407""",,Exotic,Gauntlets,lostsectors,Titan,1581,,Void,2,Titan(1597),true,false,false,5,17,,14,15,2,14,10,7,62,26,14,15,2,14,10,7,62,26,combatstyle,,Upgrade Armor*,*,*,*,*,Myrmidon's Reach*,,,,,,,,,
Tusked Allegiance Gauntlets,187431790,"""6917529731897841889""",,Legendary,Gauntlets,psiops,Titan,1550,,Stasis,2,Titan(1597),true,false,false,5,16,,2,2,26,2,26,6,64,54,2,2,26,2,26,6,64,54,combatstyle,,Upgrade Armor*,*,*,*,*,Uniformed Officer*,,,,,,,,,
Aeon Safe,1654461647,"""6917529819473673136""",,Exotic,Gauntlets,,Titan,1580,,Void,4,Titan(1597),true,true,false,1,2,,7,28,2,2,18,10,67,22,7,28,2,2,18,10,67,22,combatstyle,,Upgrade Armor*,*,*,*,*,Sect of Force*,,,,,,,,,
Loreley Splendor Helm,3316517958,"""6917529815964005140""",,Exotic,Helmet,lostsectors,Titan,1577,,Void,1,Titan(1597),true,false,false,5,16,,2,17,12,2,2,27,62,16,2,17,12,2,2,27,62,16,combatstyle,,Change Energy Type*,*,*,*,*,Cauterizing Flame*,,,,,,,,,
One-Eyed Mask,2578771006,"""6917529796653752835""",,Exotic,Helmet,,Titan,1569,,Arc,2,Titan(1597),true,false,false,2,4,,6,3,25,21,8,2,65,54,6,3,25,21,8,2,65,54,combatstyle,,Upgrade Armor*,*,*,*,*,Vengeance*,,,,,,,,,
BrayTech Sn0Boots,4267226110,"""6917529813041573689""",,Legendary,Leg Armor,,Titan,1570,,Stasis,5,Titan(1597),true,false,false,3,10,,2,24,6,2,28,2,64,36,2,24,6,2,28,2,64,36,combatstyle,,Upgrade Armor*,*,*,*,*,,,,,,,,,,
One-Eyed Mask,2578771006,"""6917529603136998423""",,Exotic,Helmet,,Titan,1581,,Arc,10,Titan(1597),true,false,true,2,4,,8,9,35,17,11,9,89,47,6,7,23,15,9,7,67,47,combatstyle,,Recovery Mod*,Scout Rifle Targeting*,In-Flight Compensator*,Verdigris*,Upgrade Armor*,*,*,*,*,Vengeance*,,,,,
Iron Forerunner Gauntlets,3570243433,"""6917529454189289986""",,Legendary,Gauntlets,ironbanner,Titan,1590,,Stasis,10,Titan(1597),true,false,true,4,15,,4,33,11,14,22,4,88,41,2,21,9,12,20,2,66,41,combatstyle,,Resilience Mod*,Scout Rifle Loader*,Shotgun Dexterity*,Verdigris*,Upgrade Armor*,*,*,*,*,Radegast's Iron Gauntlets*,Iron Lord's Pride*,,,,
Legacy's Oath Plate,751162931,"""6917529242929233410""",,Legendary,Chest Armor,deepstonecrypt,Titan,1580,,Void,10,Titan(1597),true,false,true,4,12,,4,23,22,23,4,12,88,43,2,11,20,21,2,10,66,43,"combatstyle,deepstonecrypt",,Resilience Mod*,Unflinching Scout Rifle Aim*,Unflinching Scout Rifle Aim*,Verdigris*,Change Energy Type*,*,*,*,*,Silimar's Iron Plate*,,,,,
Kabr's Forceful Greaves,123979037,"""6917529456025472606""",,Legendary,Leg Armor,vaultofglass,Titan,1580,,Arc,10,Titan(1597),true,false,true,4,14,,9,23,21,15,4,18,90,34,2,11,19,13,2,16,63,34,"combatstyle,vaultofglass",,Resilience Mod*,Linear Fusion Rifle Scavenger*,Mobile Retrofit*,Verdigris*,Upgrade Armor*,*,*,*,*,Tormod's Iron Greaves*,,,,,
Candescent Mark,2710628962,"""6917529799167041004""",,Legendary,Titan Mark,events,Titan,1582,,Stasis,10,Titan(1597),true,false,true,5,17,Solstice,2,2,12,2,2,2,22,0,0,0,0,0,0,0,0,0,combatstyle,,Recovery Mod*,Utility Kickstart*,Utility Kickstart*,Change Energy Type*,,,,,,,,,,,
Corrupting Echo Cover,1832715465,"""6917529554194024584""",,Legendary,Helmet,30th,Warlock,1560,,Void,10,Warlock(1594),true,false,false,4,15,,16,4,28,19,11,8,86,35,14,2,16,17,9,6,64,35,combatstyle,,Recovery Mod*,Deprecated Armor Mod*,Deprecated Armor Mod*,Upgrade Armor*,*,*,*,*,Deprecated Armor Mod*,Artifice Armor*,,,,,
Mask of Righteousness,2367878193,"""6917529580912040672""",,Legendary,Helmet,garden,Warlock,1586,,Arc,10,Warlock(1594),true,true,false,4,12,,4,24,21,19,14,4,86,48,2,12,19,17,12,2,64,48,"combatstyle,gardenofsalvation",,Resilience Mod*,Auto Rifle Targeting*,Auto Rifle Targeting*,Amrita's Dream*,Upgrade Armor*,*,*,*,*,Ashraven's Iron Hood*,,,,,
Anti-Extinction Hood,245450812,"""6917529549509301710""",,Legendary,Helmet,do,Warlock,1590,,Solar,10,Warlock(1594),true,true,false,3,10,,4,30,14,31,4,4,87,59,2,28,2,29,2,2,65,59,combatstyle,,Recovery Mod*,Scout Rifle Targeting*,Scout Rifle Targeting*,Upgrade Armor*,*,*,*,*,Ashraven's Iron Hood*,,,,,,
Iron Truage Hood,2321258055,"""6917529331654711531""",,Legendary,Helmet,ironbanner,Warlock,1560,,Void,10,Warlock(1594),true,false,false,4,13,,8,4,27,19,18,8,84,34,6,2,25,7,16,6,62,34,combatstyle,,Discipline Mod*,Kinetic Siphon*,Taking Charge*,Bitterpearl*,Change Energy Type*,*,*,*,*,Ashraven's Iron Hood*,,,,,
Iron Forerunner Hood,2217519207,"""6917529665629197601""",,Legendary,Helmet,ironbanner,Warlock,1566,,Void,10,Warlock(1594),true,false,false,4,15,,4,22,22,18,18,4,88,46,2,10,20,16,16,2,66,46,combatstyle,,Resilience Mod*,Scout Rifle Targeting*,Scout Rifle Targeting*,Amrita's Dream*,Change Energy Type*,*,*,*,*,Ashraven's Iron Hood*,Iron Lord's Pride*,,,,
Sovereign Hood,446438979,"""6917529549529793129""",,Legendary,Helmet,nm,Warlock,1350,,Stasis,10,Warlock(1594),true,false,false,3,10,,4,22,12,18,28,4,88,36,2,20,10,6,26,2,66,36,combatstyle,,Discipline Mod*,Pulse Rifle Targeting*,Pulse Rifle Targeting*,Upgrade Armor*,*,*,*,*,,,,,,,
BrayTech Researcher's Hood,1991627398,"""6917529553443991310""",,Legendary,Helmet,,Warlock,1590,,Solar,10,Warlock(1594),true,false,false,3,10,,4,20,25,25,4,9,87,54,2,8,23,23,2,7,65,54,combatstyle,,Resilience Mod*,Harmonic Siphon*,Harmonic Siphon*,Elemental Ordnance*,Change Energy Type*,*,*,*,*,Ashraven's Iron Hood*,,,,,
Simulator Hood,2538410394,"""6917529548973315688""",,Legendary,Helmet,fwc,Warlock,1350,,Solar,1,Warlock(1594),true,false,false,3,10,,2,2,28,2,6,24,64,32,2,2,28,2,6,24,64,32,combatstyle,,Change Energy Type*,*,*,*,*,,,,,,,,,,
Mask of Righteousness,3001934726,"""6917529196794422712""",,Legendary,Helmet,garden,Warlock,1560,,Void,10,Warlock(1594),true,false,false,3,11,,16,8,21,4,30,4,83,17,14,6,9,2,28,2,61,17,"combatstyle,gardenofsalvation",,Recovery Mod*,Deprecated Armor Mod*,Deprecated Armor Mod*,Taking Charge*,Amrita's Dream*,Upgrade Armor*,*,*,*,*,Ashraven's Iron Hood*,,,,
Iron Forerunner Gloves,164221422,"""6917529490253874768""",,Legendary,Gauntlets,ironbanner,Warlock,1563,,Stasis,10,Warlock(1594),true,false,false,4,15,,8,14,28,15,19,4,88,41,6,2,26,13,17,2,66,41,combatstyle,,Resilience Mod*,Grenade Kickstart*,Elemental Ordnance*,Amrita's Dream*,Change Energy Type*,*,*,*,*,Meridian Constellation Wraps*,Iron Lord's Pride*,,,,
Contraverse Hold,1906093346,"""6917529617406540776""",,Exotic,Gauntlets,,Warlock,1587,,Void,10,Warlock(1594),true,false,false,2,4,,4,11,32,24,4,9,84,51,2,9,20,22,2,7,62,51,combatstyle,,Recovery Mod*,Bolstering Detonation*,Bolstering Detonation*,Elemental Ordnance*,Upgrade Armor*,*,*,*,*,Chaotic Exchanger*,,,,,
Simulator Gloves,480714723,"""6917529550298109450""",,Legendary,Gauntlets,fwc,Warlock,1581,,Arc,10,Warlock(1594),true,false,false,3,10,,4,9,36,26,4,9,88,55,2,7,24,24,2,7,66,55,combatstyle,,Recovery Mod*,Fastball*,Overload Rounds*,High-Energy Fire*,Change Energy Type*,*,*,*,*,,,,,,
Anti-Extinction Gloves,1600224949,"""6917529548024525353""",,Legendary,Gauntlets,do,Warlock,1350,,Stasis,10,Warlock(1594),true,false,false,3,10,,4,4,28,21,23,4,84,37,2,2,26,9,21,2,62,37,combatstyle,,Discipline Mod*,Pulse Rifle Loader*,Pulse Rifle Dexterity*,Upgrade Armor*,*,*,*,*,,,,,,,
Gloves of the Hezen Lords,3253292022,"""6917529798697485192""",,Legendary,Gauntlets,vaultofglass,Warlock,1560,,Stasis,1,Warlock(1594),true,false,false,4,14,,2,2,27,2,23,7,63,31,2,2,27,2,23,7,63,31,"combatstyle,vaultofglass",,Change Energy Type*,*,*,*,*,,,,,,,,,,
Seventh Seraph Gloves,2443609020,"""6917529174561741582""",,Legendary,Gauntlets,seasonpass,Warlock,1560,,Stasis,10,Warlock(1594),true,true,false,3,10,,8,8,24,21,14,14,89,37,6,6,22,9,12,12,67,37,combatstyle,,Discipline Mod*,Auto Rifle Loader*,Auto Rifle Dexterity*,Amrita's Dream*,Upgrade Armor*,*,*,*,*,Meridian Constellation Wraps*,,,,,
Deep Explorer Gloves,3260781446,"""6917529798929734366""",,Legendary,Gauntlets,duality,Warlock,1560,,Void,3,Warlock(1594),true,false,false,5,17,,2,26,2,8,2,23,63,36,2,26,2,8,2,23,63,36,combatstyle,,Upgrade Armor*,*,*,*,*,Artifice Armor*,,,,,,,,,
Deep Explorer Gloves,3260781446,"""6917529798957260553""",,Legendary,Gauntlets,duality,Warlock,1560,,Void,10,Warlock(1594),true,false,false,5,17,,4,28,8,25,8,4,77,55,2,26,6,23,6,2,65,55,combatstyle,,Upgrade Armor*,*,*,*,*,Artifice Armor*,,,,,,,,,
Solstice Robes (Magnificent),803600051,"""6917529201743348842""",,Legendary,Chest Armor,events,Warlock,1350,,Arc,10,Warlock(1594),true,false,false,3,11,Solstice,4,18,25,22,4,12,85,49,2,6,23,20,2,10,63,49,combatstyle,,Resilience Mod*,Unflinching Scout Rifle Aim*,Unflinching Scout Rifle Aim*,Upgrade Armor*,*,*,*,*,,,,,,,
Starfire Protocol,2082483156,"""6917529778019869269""",,Exotic,Chest Armor,,Warlock,1590,,Solar,10,Warlock(1594),true,false,false,1,1,,9,15,25,31,4,4,88,55,7,3,23,29,2,2,66,55,combatstyle,,Resilience Mod*,Energy Diffusion Substrate*,Linear Fusion Rifle Reserves*,Taking Charge*,Upgrade Armor*,*,*,*,*,Fusion Harness*,,,,,
Cuirass of the Hezen Lords,3029386938,"""6917529798704010606""",,Legendary,Chest Armor,vaultofglass,Warlock,1560,,Solar,4,Warlock(1594),true,false,false,4,14,,2,2,25,2,30,2,63,29,2,2,25,2,30,2,63,29,"combatstyle,vaultofglass",,Upgrade Armor*,*,*,*,*,,,,,,,,,,
Deep Explorer Vestments,2057955626,"""6917529798957252887""",,Legendary,Chest Armor,duality,Warlock,1560,,Void,1,Warlock(1594),true,false,false,5,17,,2,21,10,26,2,2,63,57,2,21,10,26,2,2,63,57,combatstyle,,Change Energy Type*,*,*,*,*,Artifice Armor*,,,,,,,,,
Legacy's Oath Robes,3975122240,"""6917529242869486308""",,Legendary,Chest Armor,deepstonecrypt,Warlock,1587,,Solar,10,Warlock(1594),true,false,false,4,12,,4,17,23,18,12,8,82,47,2,15,16,16,10,6,65,47,"combatstyle,deepstonecrypt",,Minor Recovery Mod*,Unflinching Scout Rifle Aim*,Unflinching Scout Rifle Aim*,Amrita's Dream*,Upgrade Armor*,*,*,*,*,Couturier Longcoat*,,,,,
Deep Explorer Vestments,2057955626,"""6917529798949675868""",,Legendary,Chest Armor,duality,Warlock,1585,,Solar,10,Warlock(1594),true,false,false,5,17,,11,33,4,31,4,4,87,52,9,21,2,29,2,2,65,52,combatstyle,,Resilience Mod*,Energy Diffusion Substrate*,Energy Diffusion Substrate*,Font of Might*,Upgrade Armor*,*,*,*,*,Artifice Armor*,,,,,
Anti-Extinction Robes,3373566763,"""6917529548212365781""",,Legendary,Chest Armor,do,Warlock,1350,,Arc,10,Warlock(1594),true,false,false,3,10,,8,4,28,12,27,4,83,38,6,2,26,10,20,2,66,38,combatstyle,,Minor Intellect Mod*,Unflinching Hand Cannon Aim*,Unflinching Hand Cannon Aim*,Upgrade Armor*,*,*,*,*,Couturier Longcoat*,,,,,,
Eidolon Pursuant Robe,1972851364,"""6917529791298666579""",,Legendary,Chest Armor,haunted,Warlock,1560,,Arc,5,Warlock(1594),true,false,false,5,17,,2,26,2,15,2,16,63,43,2,26,2,15,2,16,63,43,combatstyle,,Upgrade Armor*,*,*,*,*,Visage of the Reaper*,,,,,,,,,
Tread of the Hezen Lords,170603856,"""6917529446616543215""",,Legendary,Leg Armor,vaultofglass,Warlock,1350,,Arc,10,Warlock(1594),true,false,false,4,14,,4,4,28,14,26,29,105,40,2,2,26,12,14,7,63,40,"combatstyle,vaultofglass",,Intellect Mod*,Invigoration*,Radiant Light*,Upgrade Armor*,*,*,*,*,,,,,,,
Praefectus Boots,2804094976,"""6917529348182681764""",,Legendary,Leg Armor,seasonpass,Warlock,1590,,Void,10,Warlock(1594),true,false,false,4,13,,4,34,12,4,11,14,79,44,2,22,10,12,9,12,67,44,combatstyle,,Resilience Mod*,Insulation*,Better Already*,Energy Converter*,Change Energy Type*,*,*,*,*,,,,,,
Lightkin Greaves,3973929105,"""6917529427933228661""",,Legendary,Leg Armor,servitor,Titan,1554,,Arc,10,Warlock(1594),true,true,false,4,14,,14,4,32,12,22,4,88,50,12,2,20,10,20,2,66,50,combatstyle,,Recovery Mod*,Powerful Friends*,Upgrade Armor*,*,*,*,*,,,,,,,,
Deep Explorer Boots,2819810688,"""6917529798943253229""",,Legendary,Leg Armor,duality,Warlock,1560,,Arc,1,Warlock(1594),true,false,false,5,17,,2,26,2,23,8,2,63,51,2,26,2,23,8,2,63,51,combatstyle,,Change Energy Type*,*,*,*,*,Artifice Armor*,,,,,,,,,
Holdfast Boots,674876967,"""6917529196672153921""",,Legendary,Leg Armor,seasonpass,Warlock,1530,,Void,10,Warlock(1594),true,true,false,3,11,,9,8,22,14,16,14,83,38,7,6,20,12,9,12,66,38,combatstyle,BL Phoenix Protocol,Minor Intellect Mod*,Fusion Rifle Scavenger*,Amrita's Dream*,Upgrade Armor*,*,*,*,*,Meridian Constellation Pants*,,,,,,
Iron Forerunner Boots,2247299560,"""6917529461704472392""",,Legendary,Leg Armor,ironbanner,Warlock,1587,,Arc,10,Warlock(1594),true,false,false,4,15,,4,22,22,21,11,4,84,49,2,20,10,19,9,2,62,49,combatstyle,,Recovery Mod*,Invigoration*,Quick Charge*,War Cult Scheme*,Change Energy Type*,*,*,*,*,Meridian Constellation Pants*,Iron Lord's Pride*,,,,
BrayTech Researcher's Boots,2814122105,"""6917529811384338176""",,Legendary,Leg Armor,,Warlock,1568,,Arc,2,Warlock(1594),true,false,false,3,10,,2,6,26,23,2,8,67,55,2,6,26,23,2,8,67,55,combatstyle,,Upgrade Armor*,*,*,*,*,,,,,,,,,,
Deep Explorer Boots,2819810688,"""6917529798957259007""",,Legendary,Leg Armor,duality,Warlock,1560,,Solar,1,Warlock(1594),true,false,false,5,17,,2,26,2,2,24,7,63,30,2,26,2,2,24,7,63,30,combatstyle,,Change Energy Type*,*,*,*,*,Artifice Armor*,,,,,,,,,
Candescent Bond,3851917393,"""6917529800964871305""",,Legendary,Warlock Bond,events,Warlock,1570,,Stasis,10,Warlock(1594),true,false,false,5,17,Solstice,2,2,2,7,2,2,17,0,0,0,0,0,0,0,0,0,combatstyle,,Minor Discipline Mod*,Deprecated Armor Mod*,Deprecated Armor Mod*,Shield Break Charge*,Upgrade Armor*,,,,,,,,,,
Deep Explorer Bond,2694773307,"""6917529798949674666""",,Legendary,Warlock Bond,duality,Warlock,1560,,Stasis,5,Warlock(1594),true,false,false,5,17,,0,0,0,0,0,0,0,0,0,0,0,0,0,0,0,0,combatstyle,,Upgrade Armor*,Artifice Armor*,,,,,,,,,,,,,
Bond Judgment (CODA),2966633380,"""6917529198259757304""",,Legendary,Warlock Bond,dungeon,Warlock,1350,,Solar,10,Warlock(1594),true,false,false,3,11,,2,2,2,2,2,2,12,0,0,0,0,0,0,0,0,0,combatstyle,,Deprecated Armor Mod*,Bountiful Wells*,Upgrade Armor*,Dragonfly Regalia Bond*,,,,,,,,,,,
Iron Forerunner Bond,1045743955,"""6917529455118118361""",,Legendary,Warlock Bond,ironbanner,Warlock,1588,,Solar,10,Warlock(1594),true,false,false,4,15,,2,2,12,2,2,2,22,0,0,0,0,0,0,0,0,0,combatstyle,,Recovery Mod*,Bomber*,Bomber*,Amrita's Dream*,Change Energy Type*,Ancient Apocalypse Bond*,Iron Lord's Pride*,,,,,,,,
Corrupting Echo Bond,4217390949,"""6917529554165129141""",,Legendary,Warlock Bond,30th,Warlock,1590,,Stasis,10,Warlock(1594),true,false,false,4,15,,2,2,12,2,2,2,22,0,0,0,0,0,0,0,0,0,combatstyle,,Recovery Mod*,Utility Kickstart*,Utility Kickstart*,Taking Charge*,Change Energy Type*,Artifice Armor*,,,,,,,,,
Medal Bond,1599443272,"""6917529737142440412""",,Legendary,Warlock Bond,events,Warlock,1560,,Stasis,10,Warlock(1594),true,false,false,5,16,Guardian Games,2,12,2,2,2,2,22,0,0,0,0,0,0,0,0,0,combatstyle,,Resilience Mod*,Utility Kickstart*,Utility Kickstart*,Amrita's Dream*,Upgrade Armor*,Ancient Apocalypse Bond*,,,,,,,,,
Ketchkiller's Bond,1667220390,"""6917529810690363616""",,Legendary,Warlock Bond,plunder,Warlock,1570,,Solar,10,Warlock(1594),true,false,false,5,18,,2,2,12,2,2,2,22,0,0,0,0,0,0,0,0,0,combatstyle,,Recovery Mod*,Bomber*,Bomber*,Charged Up*,Upgrade Armor*,Plunderer's Trappings*,,,,,,,,,
Deep Explorer Bond,2694773307,"""6917529798922532074""",,Legendary,Warlock Bond,duality,Warlock,1560,,Stasis,4,Warlock(1594),true,false,false,5,17,,0,0,0,0,0,0,0,0,0,0,0,0,0,0,0,0,combatstyle,,Upgrade Armor*,Artifice Armor*,,,,,,,,,,,,,
Contraverse Hold,1906093346,"""6917529810761711955""",,Exotic,Gauntlets,,Warlock,1570,,Arc,1,Warlock(1594),true,false,false,2,4,,2,13,19,18,2,9,63,50,2,13,19,18,2,9,63,50,combatstyle,,Change Energy Type*,*,*,*,*,Chaotic Exchanger*,,,,,,,,,
Nezarec's Sin,3381022971,"""6917529814430982085""",,Exotic,Helmet,,Warlock,1575,,Void,5,Warlock(1594),true,false,false,1,1,,10,3,20,2,16,15,66,25,10,3,20,2,16,15,66,25,combatstyle,,Upgrade Armor*,*,*,*,*,Abyssal Extractors*,,,,,,,,,
Contraverse Hold,1906093346,"""6917529843916255476""",,Exotic,Gauntlets,,Warlock,1580,,Void,3,Warlock(1594),true,false,false,2,4,,7,23,4,19,7,6,66,46,7,23,4,19,7,6,66,46,combatstyle,,Upgrade Armor*,*,*,*,*,Chaotic Exchanger*,,,,,,,,,
Heiro Camo,901647822,"""6917529851696955292""",,Legendary,Gauntlets,legendaryengram,Warlock,1590,,Solar,1,Warlock(1594),true,false,false,4,15,,19,6,2,11,2,12,52,19,19,6,2,11,2,12,52,19,combatstyle,,Change Energy Type*,*,*,*,*,,,,,,,,,,
Astrocyte Verse,3948284065,"""6917529597438775113""",,Exotic,Helmet,,Warlock,1579,,Arc,10,Warlock(1594),true,false,true,2,7,,12,4,22,26,9,11,84,36,10,2,20,14,7,9,62,36,combatstyle,,Discipline Mod*,In-Flight Compensator*,Sidearm Targeting*,Upgrade Armor*,*,*,*,*,Move to Survive*,,,,,,
Iron Forerunner Gloves,164221422,"""6917529579088567287""",,Legendary,Gauntlets,ironbanner,Warlock,1550,,Solar,10,Warlock(1594),true,false,true,4,15,,4,20,24,17,17,4,86,45,2,8,22,15,15,2,64,45,combatstyle,,Resilience Mod*,Sidearm Loader*,Hand Cannon Dexterity*,Upgrade Armor*,*,*,*,*,Skorri's Iron Gloves*,Iron Lord's Pride*,,,,,
Iron Forerunner Vestments,1821747970,"""6917529778151970063""",,Legendary,Chest Armor,ironbanner,Warlock,1588,,Void,10,Warlock(1594),true,false,true,4,15,,4,8,31,30,4,4,81,58,2,6,24,28,2,2,64,58,combatstyle,,Minor Recovery Mod*,Unflinching Sidearm Aim*,Unflinching Sidearm Aim*,Amrita's Dream*,Change Energy Type*,*,*,*,*,Colovance's Iron Robes*,Iron Lord's Pride*,,,,
Tread of the Hezen Lords,170603856,"""6917529363289009782""",,Legendary,Leg Armor,vaultofglass,Warlock,1585,,Void,10,Warlock(1594),true,false,true,4,14,,8,19,21,25,8,4,85,49,6,7,19,23,6,2,63,49,"combatstyle,vaultofglass",,Resilience Mod*,Better Already*,Insulation*,Change Energy Type*,*,*,*,*,Timur's Iron Boots*,,,,,,
Corrupting Echo Bond,4217390949,"""6917529547634961970""",,Legendary,Warlock Bond,30th,Warlock,1581,,Arc,10,Warlock(1594),true,false,true,4,15,,2,2,12,2,2,22,42,0,0,0,0,0,0,0,0,0,combatstyle,,Recovery Mod*,Outreach*,Radiant Light*,Upgrade Armor*,Ancient Apocalypse Bond*,Artifice Armor*,,,,,,,,,
Simulator Mask,2915206011,"""6917529550502457837""",,Legendary,Helmet,fwc,Hunter,1560,,Stasis,10,Hunter(1591),true,false,false,3,10,,14,4,32,12,9,18,89,49,2,2,30,10,7,16,67,49,combatstyle,,Mobility Mod*,Hand Cannon Targeting*,Deprecated Armor Mod*,Upgrade Armor*,*,*,*,*,,,,,,,
Iron Fellowship Casque,3624199242,"""6917529196365415762""",,Legendary,Helmet,ironbanner,Hunter,1579,,Solar,10,Hunter(1591),true,true,false,3,11,,16,19,12,28,8,4,87,56,14,7,10,26,6,2,65,56,combatstyle,,Resilience Mod*,Rocket Launcher Ammo Finder*,High-Energy Fire*,Rustberry*,Change Energy Type*,*,*,*,*,Twisting Echo Mask*,,,,,
Deep Explorer Mask,3262689948,"""6917529765066668022""",,Legendary,Helmet,duality,Hunter,1580,,Stasis,10,Hunter(1591),true,false,false,5,17,,4,16,28,4,31,4,87,49,2,14,16,2,29,2,65,49,combatstyle,,Recovery Mod*,Pulse Rifle Targeting*,In-Flight Compensator*,Upgrade Armor*,*,*,*,*,,,,,,,
Iron Fellowship Casque,3624199242,"""6917529196201928211""",,Legendary,Helmet,ironbanner,Hunter,1570,,Arc,10,Hunter(1591),true,false,false,3,11,,28,8,14,4,8,24,86,36,16,6,12,2,6,22,64,36,combatstyle,,Mobility Mod*,Pulse Rifle Targeting*,Pulse Rifle Targeting*,Iron Vendetta*,Change Energy Type*,*,*,*,*,Weyloran's Iron Mask*,,,,,
Assassin's Cowl,2203146422,"""6917529793572070368""",,Exotic,Helmet,campaign,Hunter,1579,,Arc,10,Hunter(1591),true,false,false,3,8,,16,9,19,4,23,11,82,54,14,2,17,2,21,9,65,54,combatstyle,,Minor Resilience Mod*,Hands-On*,Harmonic Siphon*,Melee Wellmaker*,Upgrade Armor*,*,*,*,*,Vanishing Execution*,,,,,
Twisting Echo Mask,2744480004,"""6917529552038964779""",,Legendary,Helmet,30th,Hunter,1350,,Void,10,Hunter(1591),true,false,false,4,15,,8,12,16,13,22,8,79,46,6,10,14,6,20,6,62,46,combatstyle,ARTIFICE,Minor Discipline Mod*,Bow Targeting*,Submachine Gun Targeting*,Upgrade Armor*,*,*,*,*,Artifice Armor*,,,,,,
Dreambane Cowl,1496857121,"""6917529845350285593""",,Legendary,Helmet,moon,Hunter,1580,,Solar,7,Hunter(1591),true,false,false,4,13,,2,16,14,23,2,6,63,41,2,16,14,23,2,6,63,41,"combatstyle,nightmare",,Upgrade Armor*,*,*,*,*,,,,,,,,,,
Insight Rover Mask,2298664693,"""6917529195993903650""",,Legendary,Helmet,legendaryengram,Hunter,1350,,Arc,10,Hunter(1591),true,true,false,3,11,,18,10,21,18,14,8,89,53,16,8,9,16,12,6,67,53,combatstyle,in orph build,Recovery Mod*,Hand Cannon Targeting*,Gambit Chrome*,Upgrade Armor*,*,*,*,*,Solstice Mask (Magnificent)*,,,,,,
Iron Forerunner Mask,2255073244,"""6917529779438370019""",,Legendary,Helmet,ironbanner,Hunter,1560,,Arc,2,Hunter(1591),true,false,false,4,15,,2,8,23,16,14,2,65,55,2,8,23,16,14,2,65,55,combatstyle,,Upgrade Armor*,*,*,*,*,Iron Lord's Pride*,,,,,,,,,
Tusked Allegiance Grips,4017738218,"""6917529733424439691""",,Legendary,Gauntlets,psiops,Hunter,1563,,Void,10,Hunter(1591),true,true,false,5,16,,4,14,32,25,4,8,87,57,2,2,30,23,2,6,65,57,combatstyle,,Resilience Mod*,Pulse Rifle Loader*,Pulse Rifle Dexterity*,Amrita's Dream*,Upgrade Armor*,*,*,*,*,Fire-Forged Hunter Arms Ornament*,Uniformed Officer*,,,,
Iron Forerunner Grips,3651424085,"""6917529578128093470""",,Legendary,Gauntlets,ironbanner,Hunter,1573,,Arc,10,Hunter(1591),true,false,false,4,15,,19,4,26,18,16,4,87,61,7,2,24,16,14,2,65,61,combatstyle,,Mobility Mod*,Pulse Rifle Loader*,Pulse Rifle Dexterity*,Amrita's Dream*,Change Energy Type*,*,*,*,*,Fire-Forged Hunter Arms Ornament*,Iron Lord's Pride*,,,,
Twisting Echo Grips,2308793821,"""6917529546098078801""",,Legendary,Gauntlets,30th,Hunter,1583,,Arc,10,Hunter(1591),true,false,false,4,15,,24,37,8,19,4,14,106,27,2,25,6,17,2,12,64,27,combatstyle,,Resilience Mod*,Momentum Transfer*,Powerful Friends*,Change Energy Type*,*,*,*,*,Artifice Armor*,,,,,,
Deep Explorer Grasps,1148597205,"""6917529793596072730""",,Legendary,Gauntlets,duality,Hunter,1560,,Solar,1,Hunter(1591),true,false,false,5,17,,6,2,23,26,2,2,61,57,6,2,23,26,2,2,61,57,combatstyle,,Change Energy Type*,*,*,*,*,Artifice Armor*,,,,,,,,,
Lightkin Grips,3479737253,"""6917529524744743441""",,Legendary,Gauntlets,servitor,Hunter,1560,,Arc,10,Hunter(1591),true,false,false,4,14,,14,11,24,12,23,4,88,55,2,9,22,10,21,2,66,55,combatstyle,,Mobility Mod*,Hand Cannon Loader*,Hand Cannon Dexterity*,Rustberry*,Upgrade Armor*,*,*,*,*,Twisting Echo Grips*,,,,,
Lightkin Grips,3479737253,"""6917529404157296766""",,Legendary,Gauntlets,servitor,Hunter,1559,,Stasis,10,Hunter(1591),true,false,false,4,14,,12,4,23,9,18,18,84,49,10,2,21,2,16,16,67,49,combatstyle,,Minor Discipline Mod*,Fastball*,Grenade Kickstart*,Elemental Armaments*,Upgrade Armor*,*,*,*,*,,,,,,
Iron Forerunner Grips,3651424085,"""6917529667253204927""",,Legendary,Gauntlets,ironbanner,Hunter,1550,,Stasis,1,Hunter(1591),true,false,false,4,15,,8,2,19,10,22,2,63,59,8,2,19,10,22,2,63,59,combatstyle,,Change Energy Type*,*,*,*,*,Iron Lord's Pride*,,,,,,,,,
Grips of the Great Hunt,3889633083,"""6917529258098170598""",,Legendary,Gauntlets,lastwish,Hunter,1579,,Solar,10,Hunter(1591),true,false,false,4,12,,4,24,8,36,4,4,80,39,2,22,6,29,2,2,63,39,"combatstyle,lastwish",,Minor Discipline Mod*,Deprecated Armor Mod*,Deprecated Armor Mod*,Bountiful Wells*,Bitterpearl*,Change Energy Type*,*,*,*,*,Solstice Grasps (Majestic)*,,,,
Iron Forerunner Vest,1615052875,"""6917529773807607891""",,Legendary,Chest Armor,ironbanner,Hunter,1560,,Arc,1,Hunter(1591),true,false,false,4,15,,2,16,14,2,24,6,64,42,2,16,14,2,24,6,64,42,combatstyle,,Change Energy Type*,*,*,*,*,Iron Lord's Pride*,,,,,,,,,
Iron Truage Vest,863163983,"""6917529380981937393""",,Legendary,Chest Armor,ironbanner,Hunter,1570,,Void,10,Hunter(1591),true,false,false,4,13,,4,18,25,11,23,4,85,55,2,6,23,9,21,2,63,55,combatstyle,,Resilience Mod*,Deprecated Armor Mod*,Sniper Damage Resistance*,Melee Wellmaker*,Bitterpearl*,Upgrade Armor*,*,*,*,*,Nemean Cuirass*,,,,
Eidolon Pursuant Tunic,29154321,"""6917529774756528007""",,Legendary,Chest Armor,haunted,Hunter,1579,,Void,10,Hunter(1591),true,false,false,5,17,,4,30,4,34,4,11,87,28,2,28,2,22,2,9,65,28,combatstyle,,Discipline Mod*,Deprecated Armor Mod*,Deprecated Armor Mod*,Enduring Wells*,Change Energy Type*,*,*,*,*,Visage of the Reaper*,,,,,
Eidolon Pursuant Tunic,29154321,"""6917529790007183579""",,Legendary,Chest Armor,haunted,Hunter,1560,,Arc,10,Hunter(1591),true,false,false,5,17,,14,14,22,18,16,4,88,52,2,12,20,16,14,2,66,52,combatstyle,,Mobility Mod*,Unflinching Pulse Rifle Aim*,Unflinching Pulse Rifle Aim*,Change Energy Type*,*,*,*,*,Iron Forerunner Vest*,Visage of the Reaper*,,,,,
Lucky Raspberry,903984858,"""6917529847573627636""",,Exotic,Chest Armor,,Hunter,1587,,Void,1,Hunter(1591),true,false,false,1,1,,11,22,2,17,10,6,68,40,11,22,2,17,10,6,68,40,combatstyle,,Change Energy Type*,*,*,*,*,Probability Matrix*,,,,,,,,,
Iron Will Vest,2509940440,"""6917529242378895318""",,Legendary,Chest Armor,ironbanner,Hunter,1570,,Solar,10,Hunter(1591),true,false,false,4,12,,16,8,19,31,4,4,82,57,14,6,12,29,2,2,65,57,combatstyle,,Minor Recovery Mod*,Unflinching Scout Rifle Aim*,Unflinching Scout Rifle Aim*,Amrita's Dream*,Change Energy Type*,*,*,*,*,Fire-Forged Hunter Chest Ornament*,,,,,
Gyrfalcon's Hauberk,461841403,"""6917529813836926138""",,Exotic,Chest Armor,lostsectors,Hunter,1586,,Void,10,Hunter(1591),true,false,false,5,18,,17,14,16,18,17,4,86,60,15,2,14,16,15,2,64,60,combatstyle,,Resilience Mod*,Concussive Dampener*,Machine Gun Reserves*,Elemental Armaments*,Upgrade Armor*,*,*,*,*,"See Me, Feel Me*",,,,,
Deep Explorer Vest,4289018379,"""6917529763919080295""",,Legendary,Chest Armor,duality,Hunter,1580,,Arc,10,Hunter(1591),true,false,false,5,17,,24,42,4,11,14,12,107,25,2,30,2,9,12,10,65,25,combatstyle,,Resilience Mod*,Arc Resistance*,Powerful Friends*,Change Energy Type*,*,*,*,*,,,,,,,
Reverie Dawn Hauberk,3368092113,"""6917529333635299554""",,Legendary,Chest Armor,dreaming,Hunter,1560,,Solar,10,Hunter(1591),true,false,false,4,13,,18,4,26,18,10,10,86,54,6,2,24,16,8,8,64,54,combatstyle,,Mobility Mod*,Unflinching Hand Cannon Aim*,Unflinching Shotgun Aim*,Burnished Dreams*,Upgrade Armor*,*,*,*,*,,,,,,
Lightkin Strides,3827066919,"""6917529429882967973""",,Legendary,Leg Armor,servitor,Hunter,1580,,Arc,10,Hunter(1591),true,false,false,4,14,,18,14,18,8,4,28,90,40,16,2,16,6,2,26,68,40,combatstyle,,Resilience Mod*,Rocket Launcher Scavenger*,Seeking Wells*,Change Energy Type*,*,*,*,*,,,,,,,
Insight Rover Boots,2905153902,"""6917529292126403236""",,Legendary,Leg Armor,legendaryengram,Hunter,1570,,Void,10,Hunter(1591),true,false,false,3,11,,19,8,22,29,4,4,86,56,7,6,20,27,2,2,64,56,combatstyle,,Mobility Mod*,Linear Fusion Rifle Scavenger*,Well of Utility*,Change Energy Type*,*,*,*,*,,,,,,,
Dreambane Strides,328467570,"""6917529845345605747""",,Legendary,Leg Armor,moon,Hunter,1580,,Solar,7,Hunter(1591),true,false,false,4,13,,6,12,16,29,2,2,67,53,6,12,16,29,2,2,67,53,"combatstyle,nightmare",,Upgrade Armor*,*,*,*,*,,,,,,,,,,
Pyrrhic Ascent Strides,120441703,"""6917529478423291635""",,Legendary,Leg Armor,trials,Hunter,1570,,Solar,10,Hunter(1591),true,false,false,4,14,,18,4,25,4,24,9,84,53,16,2,13,2,22,7,62,53,combatstyle,,Recovery Mod*,Recuperation*,Recuperation*,High-Energy Fire*,Upgrade Armor*,*,*,*,*,,,,,,
Iron Truage Boots,2251614491,"""6917529383927578059""",,Legendary,Leg Armor,ironbanner,Hunter,1560,,Arc,10,Hunter(1591),true,false,false,4,13,,14,4,31,20,8,11,88,55,2,2,29,18,6,9,66,55,combatstyle,,Mobility Mod*,Powerful Friends*,Upgrade Armor*,*,*,*,*,,,,,,,,
Strides of Ascendancy,2054979724,"""6917529194201522394""",,Legendary,Leg Armor,garden,Hunter,1574,,Solar,10,Hunter(1591),true,true,false,3,11,,4,24,12,14,30,4,88,42,2,22,10,2,28,2,66,42,"combatstyle,gardenofsalvation",,Discipline Mod*,Hand Cannon Holster*,Recuperation*,Firepower*,Change Energy Type*,*,*,*,*,,,,,,
Atavistic Idol Strides,162269058,"""6917529793929454454""",,Legendary,Leg Armor,trials,Hunter,1560,,Stasis,10,Hunter(1591),true,false,false,5,17,,14,4,22,8,27,4,79,63,12,2,20,6,25,2,67,63,combatstyle,,Upgrade Armor*,*,*,*,*,,,,,,,,,,
Resonant Fury Strides,1566699968,"""6917529798396152170""",,Legendary,Leg Armor,votd,Hunter,1570,,Arc,10,Hunter(1591),true,false,false,5,16,,4,26,18,25,9,4,86,48,2,14,16,23,7,2,64,48,"combatstyle,vowofthedisciple",,Resilience Mod*,Shotgun Scavenger*,Invigoration*,Well of Ions*,Upgrade Armor*,*,*,*,*,,,,,,
Tusked Allegiance Strides,3056950148,"""6917529839402492052""",,Legendary,Leg Armor,psiops,Hunter,1586,,Arc,10,Hunter(1591),true,false,false,5,16,,16,28,4,29,4,4,85,45,14,16,2,27,2,2,63,45,combatstyle,,Resilience Mod*,Linear Fusion Rifle Scavenger*,Seeking Wells*,Change Energy Type*,*,*,*,*,Uniformed Officer*,,,,,,
Twisting Echo Cloak,2486733914,"""6917529546106668572""",,Legendary,Hunter Cloak,30th,Hunter,1550,,Arc,10,Hunter(1591),true,false,false,4,15,,12,2,2,2,2,2,22,0,0,0,0,0,0,0,0,0,combatstyle,,Mobility Mod*,Outreach*,Quick Charge*,Amrita's Dream*,Change Energy Type*,Soaring Sword Ornament*,Artifice Armor*,,,,,,,,
Shattered Vault Cloak,3339387242,"""6917529421259737246""",,Legendary,Hunter Cloak,vaultofglass,Hunter,1574,,Arc,10,Hunter(1591),true,false,false,4,14,,2,7,2,2,2,2,17,0,0,0,0,0,0,0,0,0,"combatstyle,vaultofglass",,Minor Resilience Mod*,Powerful Friends*,Rustberry*,Change Energy Type*,Efrideet's Iron Cloak*,,,,,,,,,,
Darkhollow Mantle,2868448385,"""6917529812574696633""",,Legendary,Hunter Cloak,kf,Hunter,1572,,Stasis,10,Hunter(1591),true,false,false,5,18,,2,12,2,2,2,2,22,0,0,0,0,0,0,0,0,0,"combatstyle,kingsfall",,Resilience Mod*,Utility Kickstart*,Utility Kickstart*,Change Energy Type*,Will of Light (Kinetic)*,,,,,,,,,,
Deep Explorer Cloak,2797334754,"""6917529793607119453""",,Legendary,Hunter Cloak,duality,Hunter,1579,,Void,10,Hunter(1591),true,false,false,5,17,,2,12,2,2,2,2,22,0,0,0,0,0,0,0,0,0,combatstyle,,Resilience Mod*,Perpetuation*,Perpetuation*,Elemental Armaments*,Change Energy Type*,Artifice Armor*,,,,,,,,,
Candescent Cloak,1043609040,"""6917529799907091463""",,Legendary,Hunter Cloak,events,Hunter,1570,,Stasis,10,Hunter(1591),true,false,false,5,17,Solstice,12,2,2,2,2,2,22,0,0,0,0,0,0,0,0,0,combatstyle,,Mobility Mod*,Utility Kickstart*,Utility Kickstart*,High-Energy Fire*,Change Energy Type*,,,,,,,,,,
Twisting Echo Cloak,2486733914,"""6917529546087284936""",,Legendary,Hunter Cloak,30th,Hunter,1585,,Stasis,10,Hunter(1591),true,true,false,4,15,,2,7,2,2,2,2,17,0,0,0,0,0,0,0,0,0,combatstyle,,Minor Resilience Mod*,Utility Kickstart*,Utility Kickstart*,Elemental Light*,Bitterpearl*,Upgrade Armor*,Refugee Cloak*,Monochromatic Maestro*,Artifice Armor*,,,,,,
Dead End Cure 2.1,3064716714,"""6917529845345606031""",,Legendary,Helmet,legendaryengram,Hunter,1584,,Solar,2,Hunter(1591),true,false,false,4,15,,8,12,8,16,2,8,54,34,8,12,8,16,2,8,54,34,combatstyle,,Upgrade Armor*,*,*,*,*,,,,,,,,,,
Caliban's Hand,3453042252,"""6917529847587924086""",,Exotic,Gauntlets,lostsectors,Hunter,1586,,Solar,3,Hunter(1591),true,false,false,5,17,,8,17,6,12,2,15,60,28,8,17,6,12,2,15,60,28,combatstyle,,Upgrade Armor*,*,*,*,*,Roast 'Em*,,,,,,,,,
Iron Forerunner Mask,2255073244,"""6917529770149879581""",,Legendary,Helmet,ironbanner,Hunter,1563,,Void,1,Hunter(1591),true,true,false,4,15,,2,22,8,15,15,2,64,40,2,22,8,15,15,2,64,40,combatstyle,,Change Energy Type*,*,*,*,*,Iron Lord's Pride*,,,,,,,,,
Iron Forerunner Vest,1615052875,"""6917529818070348477""",,Legendary,Chest Armor,ironbanner,Hunter,1580,,Arc,1,Hunter(1591),true,false,false,4,15,,2,14,15,19,2,11,63,38,2,14,15,19,2,11,63,38,combatstyle,,Change Energy Type*,*,*,*,*,Iron Lord's Pride*,,,,,,,,,
Red Moon Phantom Mask,1395001913,"""6917529847587928925""",,Legendary,Helmet,legendaryengram,Hunter,1588,,Void,2,Hunter(1591),true,false,false,4,13,,7,15,7,12,7,6,54,33,7,15,7,12,7,6,54,33,combatstyle,,Upgrade Armor*,*,*,*,*,,,,,,,,,,
Shards of Galanor,691578979,"""6917529733348254787""",,Exotic,Gauntlets,,Hunter,1560,,Arc,2,Hunter(1591),true,false,false,2,4,,8,3,22,9,13,8,63,52,8,3,22,9,13,8,63,52,combatstyle,,Upgrade Armor*,*,*,*,*,Sharp Edges*,,,,,,,,,
Red Moon Phantom Vest,1571425240,"""6917529850004728136""",,Legendary,Chest Armor,legendaryengram,Hunter,1588,,Arc,2,Hunter(1591),true,false,false,4,13,,7,12,6,17,8,2,52,38,7,12,6,17,8,2,52,38,combatstyle,,Upgrade Armor*,*,*,*,*,,,,,,,,,,
Deep Explorer Vest,145651147,"""6917529793607114815""",,Legendary,Chest Armor,duality,Hunter,1560,,Void,5,Hunter(1591),true,false,false,5,17,,6,2,24,2,6,23,63,38,6,2,24,2,6,23,63,38,combatstyle,,Upgrade Armor*,*,*,*,*,Artifice Armor*,,,,,,,,,
Dreambane Strides,328467570,"""6917529845330520709""",,Legendary,Leg Armor,moon,Hunter,1580,,Void,7,Hunter(1591),true,false,false,4,13,,2,23,6,26,2,2,61,36,2,23,6,26,2,2,61,36,"combatstyle,nightmare",,Upgrade Armor*,*,*,*,*,,,,,,,,,,
Tusked Allegiance Vest,4144240158,"""6917529841685019000""",,Legendary,Chest Armor,psiops,Hunter,1570,,Solar,2,Hunter(1591),true,false,false,5,16,,2,24,6,23,6,2,63,37,2,24,6,23,6,2,63,37,combatstyle,,Upgrade Armor*,*,*,*,*,Uniformed Officer*,,,,,,,,,
Deep Explorer Grasps,1148597205,"""6917529793607115953""",,Legendary,Gauntlets,duality,Hunter,1560,,Void,4,Hunter(1591),true,false,false,5,17,,9,2,21,2,8,23,65,40,9,2,21,2,8,23,65,40,combatstyle,,Upgrade Armor*,*,*,*,*,Artifice Armor*,,,,,,,,,
Icarus Drifter Mask,2567710435,"""6917529516979744362""",,Legendary,Helmet,legendaryengram,Hunter,1583,,Void,10,Hunter(1591),true,false,true,3,11,,31,4,4,42,4,4,89,63,29,2,2,30,2,2,67,63,combatstyle,,Discipline Mod*,Pulse Rifle Targeting*,In-Flight Compensator*,Amrita's Dream*,Change Energy Type*,*,*,*,*,Fire-Forged Hunter Head Ornament*,,,,,
Young Ahamkara's Spine,475652357,"""6917529383910732941""",,Exotic,Gauntlets,,Hunter,1580,,Stasis,10,Hunter(1591),true,true,true,1,1,,11,5,29,22,13,4,84,62,9,3,22,20,11,2,67,62,combatstyle,,Minor Recovery Mod*,Grenade Kickstart*,Fastball*,Elemental Charge*,Upgrade Armor*,*,*,*,*,Wish-Dragon Teeth*,,,,,
Deep Explorer Vest,145651147,"""6917529793596079949""",,Legendary,Chest Armor,duality,Hunter,1587,,Arc,10,Hunter(1591),true,false,true,5,17,,14,9,25,24,11,4,87,56,2,7,23,22,9,2,65,56,combatstyle,,Mobility Mod*,Unflinching Pulse Rifle Aim*,Unflinching Pulse Rifle Aim*,Upgrade Armor*,*,*,*,*,Artifice Armor*,,,,,,
Iron Forerunner Strides,932578999,"""6917529520594143285""",,Legendary,Leg Armor,ironbanner,Hunter,1570,,Arc,10,Hunter(1591),true,false,true,4,15,,34,4,31,11,20,8,108,58,2,2,29,9,18,6,66,58,combatstyle,,Mobility Mod*,Invigoration*,Hand Cannon Holster*,Powerful Friends*,Amrita's Dream*,Change Energy Type*,*,*,*,*,Fire-Forged Hunter Leg Ornament*,Iron Lord's Pride*,,,
Deep Explorer Cloak,2797334754,"""6917529793580461624""",,Legendary,Hunter Cloak,duality,Hunter,1584,,Solar,10,Hunter(1591),true,false,true,5,17,,12,2,2,2,2,2,22,0,0,0,0,0,0,0,0,0,combatstyle,,Mobility Mod*,Bomber*,Font of Might*,Change Energy Type*,Lord Kelvin's Basilisk*,Artifice Armor*,,,,,,,,,
The Sixth Coyote,1474735277,"""6917529201535054693""",,Exotic,Chest Armor,,Hunter,1350,,Void,10,Vault,true,true,false,2,4,,23,15,5,8,21,10,82,49,21,13,3,6,19,8,70,49,combatstyle,,Linear Fusion Rifle Reserves*,Linear Fusion Rifle Reserves*,Upgrade Armor*,*,*,*,*,Double Dodge*,,,,,,,
Nezarec's Sin,3381022971,"""6917529398762079866""",,Exotic,Helmet,,Warlock,1558,,Void,10,Vault,true,false,false,1,1,,12,15,25,14,15,9,90,38,10,3,23,12,13,7,68,38,combatstyle,,Resilience Mod*,Harmonic Siphon*,Dynamo*,Well of Tenacity*,Amrita's Dream*,Upgrade Armor*,*,,*,,*,,*,Afraid of the Dark*,Abyssal Extractors*
Icarus Drifter Legs,4064910796,"""6917529204326888402""",,Legendary,Leg Armor,legendaryengram,Hunter,1350,,Arc,10,Vault,true,false,false,3,11,,18,4,27,4,22,11,86,53,6,2,25,2,20,9,64,53,combatstyle,in celest build,Mobility Mod*,Fusion Rifle Holster*,Powerful Friends*,Upgrade Armor*,*,*,*,*,,,,,,,
Ashen Wake,1734844650,"""6917529835739480768""",,Exotic,Gauntlets,,Titan,1580,,Solar,1,Vault,true,false,false,1,3,,6,4,23,15,2,15,65,40,6,4,23,15,2,15,65,40,combatstyle,,Change Energy Type*,*,*,*,*,Bring the Heat*,,,,,,,,,
Helm of Saint-14,106575079,"""6917529816032700367""",,Exotic,Helmet,,Titan,1577,,Arc,4,Vault,true,false,false,1,2,,2,25,8,2,14,13,64,24,2,25,8,2,14,13,64,24,combatstyle,,Upgrade Armor*,*,*,*,*,Starless Night*,,,,,,,,,
Kabr's Brazen Grips,3368765451,"""6917529453073664788""",,Legendary,Gauntlets,vaultofglass,Titan,1350,,Arc,10,Vault,true,false,false,4,14,,4,11,22,8,24,4,73,48,2,9,20,6,22,2,61,48,"combatstyle,vaultofglass",,Upgrade Armor*,*,*,*,*,,,,,,,,,,
Icarus Drifter Legs,4064910796,"""6917529573564512101""",,Legendary,Leg Armor,legendaryengram,Hunter,1350,,Void,5,Vault,true,false,false,3,11,,11,2,18,27,2,2,62,58,11,2,18,27,2,2,62,58,combatstyle,,Upgrade Armor*,*,*,*,*,,,,,,,,,,
Starfire Protocol,2082483156,"""6917529400980395949""",,Exotic,Chest Armor,,Warlock,1350,,Arc,10,Vault,true,false,false,1,1,,4,9,28,30,8,8,87,51,2,7,26,18,6,6,65,51,combatstyle,,Discipline Mod*,Unflinching Hand Cannon Aim*,Taking Charge*,War Cult Scheme*,Upgrade Armor*,*,*,*,*,Fusion Harness*,,,,,
Shadow's Strides,1107067065,"""6917529200970462232""",,Legendary,Leg Armor,cos,Hunter,1550,,Arc,10,Vault,true,false,false,3,11,,22,14,11,8,27,4,86,60,20,2,9,6,25,2,64,60,combatstyle,,Resilience Mod*,Hand Cannon Holster*,Quick Charge*,Iron to Steel*,Change Energy Type*,*,*,*,*,Iron Forerunner Strides*,,,,,
Tusked Allegiance Strides,3056950148,"""6917529755212382257""",,Legendary,Leg Armor,psiops,Hunter,1550,,Solar,2,Vault,true,false,false,5,16,,2,2,26,2,6,26,64,36,2,2,26,2,6,26,64,36,combatstyle,,Upgrade Armor*,*,*,*,*,Uniformed Officer*,,,,,,,,,
Sealed Ahamkara Grasps,1688602431,"""6917529319367911132""",,Exotic,Gauntlets,,Hunter,1350,,Arc,2,Vault,true,false,false,1,3,,23,3,7,12,19,2,66,61,23,3,7,12,19,2,66,61,combatstyle,,Upgrade Armor*,*,*,*,*,Nightmare Fuel*,,,,,,,,,
Tread of the Hezen Lords,170603856,"""6917529409810043189""",,Legendary,Leg Armor,vaultofglass,Warlock,1550,,Arc,10,Vault,true,false,false,4,14,,14,4,22,32,4,12,88,42,12,2,20,20,2,10,66,42,"combatstyle,vaultofglass",,Discipline Mod*,Quick Charge*,Change Energy Type*,*,*,*,*,,,,,,,,
Tusked Allegiance Mask,2516879931,"""6917529747366197125""",,Legendary,Helmet,psiops,Hunter,1570,,Arc,10,Vault,true,true,false,5,16,,4,14,31,18,18,4,89,63,2,2,29,16,16,2,67,63,combatstyle,,Resilience Mod*,Hands-On*,Font of Wisdom*,Bitterpearl*,Change Energy Type*,*,*,*,*,Thy Fearful Symmetry*,Uniformed Officer*,,,,
Ophidian Aspect,3627185503,"""6917529344191321522""",keep,Exotic,Gauntlets,,Warlock,1569,,Arc,10,Vault,true,false,false,1,2,,16,14,18,4,22,11,85,20,14,2,16,2,20,9,63,20,combatstyle,,Resilience Mod*,Pulse Rifle Loader*,Radiant Light*,Amrita's Dream*,Upgrade Armor*,*,*,*,*,Caduceus*,Cobra Totemic*,,,,
Necrotic Grip,2780717641,"""6917529625809335714""",,Exotic,Gauntlets,lostsectors,Warlock,1555,,Void,10,Vault,true,true,false,4,12,,4,10,22,14,4,30,84,40,2,8,20,12,2,18,62,40,combatstyle,,Strength Mod*,Hand Cannon Loader*,Deprecated Armor Mod*,Upgrade Armor*,*,*,*,*,Grasp of the Devourer*,,,,,,
Knucklehead Radar,1321354572,"""6917529782866170395""",,Exotic,Helmet,,Hunter,1567,,Solar,1,Vault,true,false,false,1,1,,17,3,16,16,9,7,68,58,17,3,16,16,9,7,68,58,combatstyle,,Change Energy Type*,*,*,*,*,Upgraded Sensor Pack*,,,,,,,,,
Cinder Pinion Cowl,1413409069,"""6917529260753893223""",,Legendary,Helmet,crucible,Hunter,1350,,Solar,8,Vault,true,false,false,4,12,,2,2,28,2,22,6,62,54,2,2,28,2,22,6,62,54,combatstyle,,Upgrade Armor*,*,*,*,*,,,,,,,,,,
Omnioculus,1935198785,"""6917529318463025643""",,Exotic,Chest Armor,lostsectors,Hunter,1560,,Solar,10,Vault,true,false,false,4,13,,14,14,21,18,8,14,89,43,2,12,19,16,6,12,67,43,combatstyle,,Mobility Mod*,Deprecated Armor Mod*,Deprecated Armor Mod*,Bountiful Wells*,Rustberry*,Upgrade Armor*,*,*,*,*,Leering Marrow*,Beyond The Veil*,,,
Pyrrhic Ascent Vest,2540765499,"""6917529468331291632""",,Legendary,Chest Armor,trials,Hunter,1350,,Arc,10,Vault,true,false,false,4,14,,28,4,15,27,8,4,86,60,16,2,13,25,6,2,64,60,combatstyle,,Mobility Mod*,Unflinching Submachine Gun Aim*,Unflinching Bow Aim*,Upgrade Armor*,*,*,*,*,,,,,,,
Precious Scars,3974038291,"""6917529586786433346""",,Exotic,Helmet,lostsectors,Titan,1350,,Arc,1,Vault,true,false,false,4,12,,11,2,18,21,2,10,64,41,11,2,18,21,2,10,64,41,combatstyle,,Change Energy Type*,*,*,*,*,Kintsugi*,,,,,,,,,
Wings of Sacred Dawn,370930766,"""6917529727947497576""",,Exotic,Chest Armor,,Warlock,1550,,Solar,10,Vault,true,false,false,1,1,,6,18,21,20,14,4,83,48,4,11,19,18,12,2,66,48,combatstyle,,Minor Resilience Mod*,Unflinching Scout Rifle Aim*,Unflinching Scout Rifle Aim*,Upgrade Armor*,*,*,*,*,Tome of Dawn*,,,,,,
Chromatic Fire,4057299718,"""6917529653319030568""",,Exotic,Chest Armor,,Warlock,1553,,Void,2,Vault,true,false,false,2,4,,8,4,21,22,7,2,64,47,8,4,21,22,7,2,64,47,combatstyle,,Upgrade Armor*,*,*,*,*,Crystalline Transistor*,,,,,,,,,
Grips of Exaltation,1653741426,"""6917529196069441758""",,Legendary,Gauntlets,garden,Hunter,1350,,Void,8,Vault,true,true,false,3,11,,7,8,12,7,2,20,56,28,7,8,12,7,2,20,56,28,"combatstyle,gardenofsalvation",,Grenade Launcher Loader*,Grenade Launcher Loader*,Upgrade Armor*,*,*,*,*,,,,,,,,
Dreambane Robes,4235863403,"""6917529269521930553""",,Legendary,Chest Armor,moon,Warlock,1350,,Arc,7,Vault,true,false,false,4,13,,9,21,2,2,16,16,66,25,9,21,2,2,16,16,66,25,"combatstyle,nightmare",,Upgrade Armor*,*,*,*,*,,,,,,,,,,
Lucky Pants,193869522,"""6917529206286089271""",,Exotic,Leg Armor,,Hunter,1350,,Void,1,Vault,true,true,false,1,1,,15,3,13,18,16,2,67,57,15,3,13,13,16,2,62,57,combatstyle,,Minor Discipline Mod*,Change Energy Type*,*,,*,,*,,*,Illegally Modded Holster*,Hand Cannon Holster*,,,,
Severance Enclosure,2326396534,"""6917529357074540060""",,Exotic,Chest Armor,,Titan,1350,,Solar,1,Vault,true,false,false,3,9,,8,9,15,11,10,10,63,36,8,9,15,11,10,10,63,36,combatstyle,,Change Energy Type*,*,*,*,*,Spheromatik Trigger*,,,,,,,,,
Liar's Handshake,4165919945,"""6917529613611235091""",,Exotic,Gauntlets,,Hunter,1576,,Arc,10,Vault,true,false,false,2,6,,19,14,16,21,12,4,86,60,17,2,14,19,10,2,64,60,combatstyle,,Resilience Mod*,Deprecated Armor Mod*,Deprecated Armor Mod*,High-Energy Fire*,Upgrade Armor*,*,*,*,*,Cross Counter*,,,,,
Synthoceps,241462142,"""6917529194359148749""",,Exotic,Gauntlets,,Titan,1570,,Void,10,Vault,true,false,false,1,1,,4,23,22,16,15,4,84,47,2,11,20,14,13,2,62,47,combatstyle,,Resilience Mod*,Deprecated Armor Mod*,Deprecated Armor Mod*,GENOTYPENULL-ZERO*,Upgrade Armor*,*,,*,,*,,*,,Biotic Enhancements*,
Mantle of Battle Harmony,3301944824,"""6917529402196778765""",,Exotic,Chest Armor,lostsectors,Warlock,1350,,Arc,10,Vault,true,false,false,4,13,,8,8,22,26,17,4,85,40,6,6,20,14,15,2,63,40,combatstyle,,Discipline Mod*,Unflinching Pulse Rifle Aim*,Unflinching Pulse Rifle Aim*,Upgrade Armor*,*,*,*,*,Absorption Cells*,,,,,,
Claws of Ahamkara,3288917178,"""6917529827593307854""",,Exotic,Gauntlets,,Warlock,1579,,Stasis,1,Vault,true,false,false,1,3,,2,21,11,11,2,17,64,43,2,21,11,11,2,17,64,43,combatstyle,,Change Energy Type*,*,*,*,*,The Whispers*,,,,,,,,,
Tusked Allegiance Mask,2516879931,"""6917529741136125180""",,Legendary,Helmet,psiops,Hunter,1550,,Arc,4,Vault,true,false,false,5,16,,6,2,23,16,13,2,62,58,6,2,23,16,13,2,62,58,combatstyle,,Upgrade Armor*,*,*,*,*,Uniformed Officer*,,,,,,,,,
Crown of Tempests,3381022969,"""6917529799098074599""",,Exotic,Helmet,,Warlock,1560,,Arc,1,Vault,true,false,false,1,1,,3,30,3,16,2,16,70,49,3,30,3,16,2,16,70,49,combatstyle,,Change Energy Type*,*,*,*,*,Conduction Tines*,,,,,,,,,
Radiant Dance Machines,1702288800,"""6917529447950715529""",,Exotic,Leg Armor,lostsectors,Hunter,1350,,Void,3,Vault,true,false,false,4,15,,21,2,12,2,11,19,67,41,21,2,7,2,11,19,62,41,combatstyle,,Minor Recovery Mod*,Upgrade Armor*,*,*,*,*,The Dance*,,,,,,,,
Peregrine Greaves,2255796155,"""6917529192763922206""",,Exotic,Leg Armor,,Titan,1580,,Arc,10,Vault,true,false,false,2,7,,5,10,24,18,14,18,89,50,3,8,22,16,12,6,67,50,combatstyle,,Strength Mod*,Shotgun Holster*,Radiant Light*,Upgrade Armor*,*,*,*,*,Peregrine Strike*,,,,,,
Dreambane Cowl,1496857121,"""6917529778068089459""",,Legendary,Helmet,moon,Hunter,1560,,Void,7,Vault,true,false,false,4,13,,2,20,10,12,20,2,66,44,2,20,10,12,20,2,66,44,"combatstyle,nightmare",,Upgrade Armor*,*,*,*,*,,,,,,,,,,
Getaway Artist,3084282676,"""6917529192480976984""",,Exotic,Gauntlets,,Warlock,1350,,Void,2,Vault,true,false,false,2,6,,2,14,16,19,2,8,61,49,2,14,16,19,2,8,61,49,combatstyle,,Upgrade Armor*,*,*,*,*,Dynamic Duo*,,,,,,,,,
Shards of Galanor,691578979,"""6917529532096278933""",,Exotic,Gauntlets,,Hunter,1350,,Arc,1,Vault,true,false,false,2,4,,9,10,15,6,19,6,65,49,9,10,15,6,19,6,65,49,combatstyle,,Change Energy Type*,*,*,*,*,Sharp Edges*,,,,,,,,,
Pyrrhic Ascent Hood,4161591237,"""6917529658601894002""",,Legendary,Helmet,trials,Warlock,1555,,Void,10,Vault,true,false,false,4,14,,4,15,25,4,31,4,83,28,2,13,13,2,29,2,61,28,combatstyle,,Recovery Mod*,Upgrade Armor*,*,*,*,*,,,,,,,,,
Holdfast Robes,119457531,"""6917529196672157494""",,Legendary,Chest Armor,seasonpass,Warlock,1350,,Solar,6,Vault,true,true,false,3,11,,7,7,18,6,19,8,65,31,7,7,18,6,19,8,65,31,combatstyle,,Upgrade Armor*,*,*,*,*,,,,,,,,,,
Ophidia Spathe,978537162,"""6917529241421510725""",,Exotic,Chest Armor,,Hunter,1350,,Void,3,Vault,true,false,false,1,3,,4,2,28,17,8,7,66,57,4,2,28,17,8,7,66,57,combatstyle,,Upgrade Armor*,*,*,*,*,Scissor Fingers*,,,,,,,,,
Mask of the Quiet One,3883866764,"""6917529177821323854""",,Exotic,Helmet,,Titan,1350,,Arc,1,Vault,true,false,false,1,1,,2,21,12,6,6,20,67,24,2,21,12,6,6,20,67,24,combatstyle,,Change Energy Type*,*,*,*,*,Dreaded Visage*,,,,,,,,,
Sunbracers,3787517196,"""6917529811702140364""",,Exotic,Gauntlets,,Warlock,1569,,Arc,1,Vault,true,false,false,1,1,,3,13,17,16,6,12,67,46,3,13,17,16,6,12,67,46,combatstyle,,Change Energy Type*,*,*,*,*,Helium Spirals*,,,,,,,,,
Verity's Brow,2428181146,"""6917529805855743585""",,Exotic,Helmet,,Warlock,1570,,Arc,1,Vault,true,true,false,1,3,,2,20,10,15,15,2,64,45,2,20,10,15,15,2,64,45,combatstyle,,Change Energy Type*,*,*,*,*,The Fourth Magic*,,,,,,,,,
Boots of the Assembler,3045642045,"""6917529353043557881""",,Exotic,Leg Armor,lostsectors,Warlock,1560,,Void,10,Vault,true,false,false,4,14,,4,17,18,30,11,8,88,49,2,15,16,18,9,6,66,49,combatstyle,,Discipline Mod*,Sniper Rifle Scavenger*,Upgrade Armor*,*,*,*,*,Blessing of Order*,,,,,,,
Citan's Ramparts,1190497097,"""6917529828182588182""",,Exotic,Gauntlets,,Titan,1580,,Void,1,Vault,true,false,false,3,10,,2,11,16,16,6,10,61,38,2,11,16,16,6,10,61,38,combatstyle,,Change Energy Type*,*,*,*,*,Assault Barricade*,,,,,,,,,
Winter's Guile,3844826443,"""6917529593374476581""",,Exotic,Gauntlets,,Warlock,1350,,Void,3,Vault,true,false,false,1,1,,10,2,22,17,14,2,67,41,10,2,22,17,14,2,67,41,combatstyle,,Upgrade Armor*,*,*,*,*,Warlord's Sigil*,,,,,,,,,
Tusked Allegiance Hood,849255710,"""6917529739817932300""",,Legendary,Helmet,psiops,Warlock,1550,,Arc,2,Vault,true,false,false,5,16,,2,9,21,8,23,2,65,38,2,9,21,8,23,2,65,38,combatstyle,,Upgrade Armor*,*,*,*,*,Uniformed Officer*,,,,,,,,,
St0mp-EE5,193869520,"""6917529466193418120""",,Exotic,Leg Armor,,Hunter,1350,,Void,10,Vault,true,true,false,1,1,,21,4,25,9,23,4,86,60,19,2,13,7,21,2,64,60,combatstyle,,Recovery Mod*,High-Energy Fire*,War Weary*,Upgrade Armor*,*,*,*,*,R3-Treads*,Hydraulic Boosters*,,,,,
Flowing Vest (CODA),508076356,"""6917529195453924156""",,Legendary,Chest Armor,dungeon,Hunter,1350,,Solar,10,Vault,true,true,false,3,11,,34,4,10,9,17,10,84,52,22,2,8,7,15,8,62,52,combatstyle,in fr0stees build,Mobility Mod*,Concussive Dampener*,Fusion Rifle Reserves*,Charged Up*,Gambit Chrome*,Upgrade Armor*,*,*,*,*,Pyrrhic Ascent Vest*,,,,
Gwisin Vest,1474735276,"""6917529202412078865""",,Exotic,Chest Armor,,Hunter,1350,,Arc,3,Vault,true,false,false,2,4,,14,3,16,16,12,2,63,58,14,3,16,16,12,2,63,58,combatstyle,,Upgrade Armor*,*,*,*,*,Roving Assassin*,,,,,,,,,
Mechaneer's Tricksleeves,1734144409,"""6917529197049308588""",,Exotic,Gauntlets,,Hunter,1350,,Stasis,10,Vault,true,false,false,1,1,,10,9,31,11,16,9,86,50,8,7,19,9,14,7,64,50,combatstyle,,Recovery Mod*,Bow Reloader*,Taking Charge*,Upgrade Armor*,*,*,*,*,Spring-Loaded Mounting*,,,,,,
Cowl of Righteousness,557676195,"""6917529202682845804""",,Legendary,Helmet,garden,Hunter,1350,,Arc,1,Vault,true,false,false,3,11,,23,2,7,16,2,16,66,48,23,2,7,16,2,16,66,48,"combatstyle,gardenofsalvation",,Change Energy Type*,*,*,*,*,,,,,,,,,,
Orpheus Rig,193869523,"""6917529441687054653""",,Exotic,Leg Armor,,Hunter,1561,,Void,10,Vault,true,false,false,1,1,,15,14,21,8,21,10,89,57,13,2,19,6,19,8,67,57,combatstyle,,Resilience Mod*,Reaping Wellmaker*,Upgrade Armor*,*,*,*,*,Uncanny Arrows*,,,,,,,
Anti-Extinction Mask,102368695,"""6917529242378897210""",,Legendary,Helmet,do,Hunter,1350,,Solar,10,Vault,true,false,false,3,10,,21,4,21,4,24,11,85,52,9,2,19,2,22,9,63,52,combatstyle,,Mobility Mod*,Scout Rifle Targeting*,Scout Rifle Targeting*,War Weary*,Upgrade Armor*,*,*,*,*,Fire-Forged Hunter Head Ornament*,,,,,
Ophidian Aspect,3627185503,"""6917529209230225275""",,Exotic,Gauntlets,,Warlock,1588,,Solar,10,Vault,true,true,false,1,2,,17,8,12,20,22,4,83,24,15,6,10,8,20,2,61,24,combatstyle,,Discipline Mod*,Scout Rifle Loader*,Scout Rifle Dexterity*,Amrita's Dream*,Upgrade Armor*,*,*,*,*,Caduceus*,Cobra Totemic*,,,,
Tusked Allegiance Vest,4144240158,"""6917529735241617328""",,Legendary,Chest Armor,psiops,Hunter,1550,,Void,2,Vault,true,false,false,5,16,,6,2,24,2,26,2,62,58,6,2,24,2,26,2,62,58,combatstyle,,Upgrade Armor*,*,*,*,*,Uniformed Officer*,,,,,,,,,
Legacy's Oath Grips,2343515647,"""6917529241528271609""",,Legendary,Gauntlets,deepstonecrypt,Hunter,1350,,Void,2,Vault,true,false,false,4,12,,2,15,13,16,16,2,64,47,2,15,13,16,16,2,64,47,"combatstyle,deepstonecrypt",,Upgrade Armor*,*,*,*,*,,,,,,,,,,
Holdfast Grips,3750210364,"""6917529195924819633""",,Legendary,Gauntlets,seasonpass,Hunter,1350,,Void,10,Vault,true,true,false,3,11,,12,10,15,11,18,8,74,48,10,8,13,9,16,6,62,48,combatstyle,,Scout Rifle Loader*,Scout Rifle Loader*,High-Energy Fire*,Gambit Chrome*,Upgrade Armor*,*,*,*,*,Solstice Grasps (Magnificent)*,,,,,
Iron Will Sleeves,2295273904,"""6917529213228942591""",,Legendary,Gauntlets,ironbanner,Hunter,1350,,Void,4,Vault,true,true,false,4,12,,14,2,26,2,21,7,72,53,14,2,16,2,21,7,62,53,combatstyle,in celest build,Recovery Mod*,Marble Effigy*,Upgrade Armor*,*,*,*,*,Gheleon's Iron Grips*,,,,,,,
Anti-Extinction Mask,102368695,"""6917529197728578032""",,Legendary,Helmet,do,Hunter,1350,,Solar,10,Vault,true,false,false,3,10,,16,4,18,12,21,4,75,59,14,2,16,10,19,2,63,59,combatstyle,,Hand Cannon Targeting*,Hand Cannon Targeting*,Bitterpearl*,Upgrade Armor*,*,*,*,*,Solstice Mask (Magnificent)*,,,,,,
Hallowfire Heart,1192890598,"""6917529271731231669""",,Exotic,Chest Armor,,Titan,1350,,Arc,2,Vault,true,false,false,1,1,,16,17,2,19,10,2,66,31,16,17,2,19,10,2,66,31,combatstyle,,Upgrade Armor*,*,*,*,*,Sunfire Furnace*,,,,,,,,,
Actium War Rig,1591207518,"""6917529203854097938""",,Exotic,Chest Armor,,Titan,1350,,Arc,2,Vault,true,false,false,1,1,,11,10,11,7,20,2,61,38,11,10,11,7,20,2,61,38,combatstyle,,Upgrade Armor*,*,*,*,*,Grant's Vicksburg*,Auto-Loading Link*,,,,,,,,
Cinder Pinion Vest,886273156,"""6917529245841162270""",,Legendary,Chest Armor,crucible,Hunter,1350,,Arc,10,Vault,true,false,false,4,12,,14,4,27,4,23,8,80,50,2,2,25,2,21,6,58,50,combatstyle,,Mobility Mod*,Unflinching Hand Cannon Aim*,Radiant Light*,Change Energy Type*,*,*,*,*,,,,,,,
An Insurmountable Skullfort,3216110440,"""6917529203854101139""",,Exotic,Helmet,,Titan,1350,,Void,10,Vault,true,false,false,1,1,,8,5,26,27,14,4,84,51,6,3,24,15,12,2,62,51,combatstyle,,Discipline Mod*,Enhanced Hand Cannon Targeting*,Upgrade Armor*,*,*,*,*,Transfusion Matrix*,,,,,,,
Apotheosis Veil,1096253259,"""6917529535676737812""",,Exotic,Helmet,,Warlock,1350,,Solar,1,Vault,true,false,false,1,3,,2,9,23,10,21,2,67,42,2,9,23,10,21,2,67,42,combatstyle,,Change Energy Type*,*,*,*,*,Insatiable*,,,,,,,,,
Deep Explorer Vestments,2057955626,"""6917529798957255153""",,Legendary,Chest Armor,duality,Warlock,1560,,Solar,1,Vault,true,false,false,5,17,,2,27,2,23,2,6,62,52,2,27,2,23,2,6,62,52,combatstyle,,Change Energy Type*,*,*,*,*,Artifice Armor*,,,,,,,,,
Antaeus Wards,2423243921,"""6917529808735257779""",,Exotic,Leg Armor,,Titan,1570,,Solar,3,Vault,true,false,false,2,4,,3,24,12,22,9,2,72,38,3,24,7,22,9,2,67,38,combatstyle,,Minor Recovery Mod*,Upgrade Armor*,*,*,*,*,Reflective Vents*,,,,,,,,
Sovereign Mask,1792644404,"""6917529253123516244""",,Legendary,Helmet,nm,Hunter,1350,,Arc,4,Vault,true,false,false,3,10,,12,2,16,6,23,2,61,57,12,2,16,6,23,2,61,57,combatstyle,,Upgrade Armor*,*,*,*,*,,,,,,,,,,
Gloves of the Hezen Lords,3253292022,"""6917529798654787760""",,Legendary,Gauntlets,vaultofglass,Warlock,1560,,Stasis,2,Vault,true,false,false,4,14,,2,14,17,10,21,2,66,41,2,14,17,10,21,2,66,41,"combatstyle,vaultofglass",,Upgrade Armor*,*,*,*,*,,,,,,,,,,
Iron Will Gloves,3179623987,"""6917529241399995018""",,Legendary,Gauntlets,ironbanner,Warlock,1556,,Solar,10,Vault,true,false,false,4,12,,4,9,23,25,18,4,83,41,2,7,21,13,16,2,61,41,combatstyle,,Discipline Mod*,Deprecated Armor Mod*,Impact Induction*,Iron Mossbone*,Upgrade Armor*,*,*,*,*,,,,,,
Corrupting Echo Gloves,3536211008,"""6917529547646470559""",,Legendary,Gauntlets,30th,Warlock,1550,,Arc,10,Vault,true,false,false,4,15,,16,4,27,17,14,8,86,32,14,2,15,15,12,6,64,32,combatstyle,,Recovery Mod*,Upgrade Armor*,*,*,*,*,Artifice Armor*,,,,,,,,
Celestial Nighthawk,1321354573,"""6917529212384887148""",,Exotic,Helmet,,Hunter,1559,,Solar,10,Vault,true,true,false,1,1,,18,9,9,4,32,4,76,55,16,7,7,2,30,2,64,55,combatstyle,,Ashes to Assets*,Ashes to Assets*,Font of Might*,Upgrade Armor*,*,*,*,*,Hawkeye Hack*,,,,,,
Heart of Inmost Light,1341951177,"""6917529205241575002""",,Exotic,Chest Armor,,Titan,1350,,Arc,10,Vault,true,false,false,2,4,,12,22,8,4,10,23,79,16,10,20,6,2,8,21,67,16,combatstyle,,Upgrade Armor*,*,*,*,*,Overflowing Light*,,,,,,,,,
Iron Fellowship Boots,3115740538,"""6917529196359709843""",,Legendary,Leg Armor,ironbanner,Warlock,1350,,Void,1,Vault,true,false,false,3,11,,8,2,21,24,2,7,64,47,8,2,21,24,2,7,64,47,combatstyle,,Iron Vendetta*,Change Energy Type*,*,*,*,*,,,,,,,,,
Necrotic Grip,2780717641,"""6917529804605866995""",,Exotic,Gauntlets,lostsectors,Warlock,1570,,Void,3,Vault,true,false,false,4,12,,2,18,12,30,2,2,66,60,2,18,12,30,2,2,66,60,combatstyle,,Upgrade Armor*,*,*,*,*,Grasp of the Devourer*,,,,,,,,,
Deep Explorer Mask,4047213660,"""6917529793572068760""",,Legendary,Helmet,duality,Hunter,1560,,Arc,10,Vault,true,false,false,5,17,,14,9,25,12,18,8,86,51,2,7,23,10,16,6,64,51,combatstyle,,Mobility Mod*,Submachine Gun Targeting*,Submachine Gun Targeting*,Upgrade Armor*,*,*,*,*,Deprecated Armor Mod*,Artifice Armor*,,,,,
Lunafaction Boots,4136768282,"""6917529798704007063""",,Exotic,Leg Armor,,Warlock,1570,,Void,3,Vault,true,false,false,1,1,,2,14,19,15,6,10,66,48,2,14,19,15,6,10,66,48,combatstyle,,Upgrade Armor*,*,*,*,*,Alchemical Etchings*,,,,,,,,,
Shinobu's Vow,1053737370,"""6917529205074244972""",,Exotic,Gauntlets,,Hunter,1575,,Solar,10,Vault,true,false,false,1,2,,13,15,21,14,13,10,86,53,11,3,19,12,11,8,64,53,combatstyle,,Resilience Mod*,Impact Induction*,Deprecated Armor Mod*,Elemental Ordnance*,Upgrade Armor*,*,*,*,*,New Tricks*,,,,,
Omnioculus,1935198785,"""6917529432086414295""",,Exotic,Chest Armor,lostsectors,Hunter,1350,,Solar,10,Vault,true,false,false,4,13,,14,8,18,10,4,23,77,38,12,6,16,8,2,21,65,38,combatstyle,,Concussive Dampener*,Sniper Damage Resistance*,Supercharged*,Upgrade Armor*,*,*,*,*,Beyond The Veil*,,,,,,
Iron Forerunner Hood,2217519207,"""6917529461717932378""",,Legendary,Helmet,ironbanner,Warlock,1550,,Stasis,10,Vault,true,false,false,4,15,,4,19,25,16,18,4,86,44,2,17,13,14,16,2,64,44,combatstyle,,Recovery Mod*,Deprecated Armor Mod*,Deprecated Armor Mod*,Taking Charge*,Amrita's Dream*,Upgrade Armor*,*,*,*,*,Ashraven's Iron Hood*,Iron Lord's Pride*,,,
Iron Fellowship Strides,3406291173,"""6917529196606397678""",,Legendary,Leg Armor,ironbanner,Hunter,1350,,Arc,10,Vault,true,false,false,3,11,,14,13,11,8,27,4,77,52,12,11,9,6,25,2,65,52,combatstyle,,Iron Vendetta*,Upgrade Armor*,*,*,*,*,Haakon's Iron Strides*,,,,,,,,
Dawn Chorus,2316914168,"""6917529599433145284""",,Exotic,Helmet,lostsectors,Warlock,1350,,Arc,1,Vault,true,false,false,4,12,,10,6,15,10,19,2,62,31,10,6,15,10,19,2,62,31,combatstyle,,Change Energy Type*,*,*,*,*,Rites of Ember*,,,,,,,,,
Moonfang-X7 Strides,2487240821,"""6917529526845669198""",,Legendary,Leg Armor,dungeon,Hunter,1350,,Solar,3,Vault,true,false,false,3,11,,14,2,15,2,23,6,62,54,14,2,15,2,23,6,62,54,combatstyle,,Upgrade Armor*,*,*,*,*,,,,,,,,,,
Oathkeeper,691578978,"""6917529477443214412""",,Exotic,Gauntlets,,Hunter,1350,,Stasis,10,Vault,true,false,false,2,4,,12,4,24,18,28,4,90,64,10,2,22,6,26,2,68,64,combatstyle,,Discipline Mod*,Submachine Gun Loader*,Bow Dexterity*,Upgrade Armor*,*,*,*,*,Adamantine Brace*,,,,,,
ACD/0 Feedback Fence,2563444729,"""6917529369755651141""",,Exotic,Gauntlets,,Titan,1350,,Arc,1,Vault,true,false,false,1,1,,10,4,22,14,16,2,68,52,10,4,22,14,16,2,68,52,combatstyle,,Change Energy Type*,*,,*,,*,,*,,Fury Conductors*,,,,,
Helm of the Ace-Defiant,641933202,"""6917529197443581404""",,Legendary,Helmet,dcv,Hunter,1350,,Void,8,Vault,true,false,false,3,11,,6,2,24,2,20,9,63,52,6,2,24,2,20,9,63,52,combatstyle,,Upgrade Armor*,*,*,*,*,,,,,,,,,,
Iron Forerunner Gauntlets,3570243433,"""6917529579499773271""",,Legendary,Gauntlets,ironbanner,Titan,1350,,Solar,1,Vault,true,false,false,4,15,,6,2,24,2,22,7,63,48,6,2,24,2,22,7,63,48,combatstyle,,Change Energy Type*,*,*,*,*,Iron Lord's Pride*,,,,,,,,,
Athrys's Embrace,2415768376,"""6917529758003128899""",,Exotic,Gauntlets,lostsectors,Hunter,1560,,Arc,10,Vault,true,false,false,4,12,,22,4,24,9,4,22,85,41,10,2,22,7,2,20,63,41,combatstyle,,Mobility Mod*,Pulse Rifle Loader*,Pulse Rifle Dexterity*,Upgrade Armor*,*,*,*,*,Skittering Stinger*,,,,,,
Atavistic Idol Vestments,124944413,"""6917529845946580582""",,Legendary,Chest Armor,trials,Warlock,1587,,Void,1,Vault,true,false,false,5,17,,2,20,12,2,20,12,68,34,2,20,12,2,20,12,68,34,combatstyle,,Change Energy Type*,*,*,*,*,,,,,,,,,,
Armamentarium,3874247549,"""6917529816305186289""",,Exotic,Chest Armor,,Titan,1577,,Void,10,Vault,true,false,false,1,3,,4,19,17,32,9,4,85,42,2,17,15,20,7,2,63,42,combatstyle,,Discipline Mod*,Unflinching Auto Rifle Aim*,Unflinching Auto Rifle Aim*,Upgrade Armor*,*,*,*,*,And Another Thing*,,,,,,
Rain of Fire,1624882687,"""6917529805909015505""",,Exotic,Leg Armor,lostsectors,Warlock,1570,,Void,10,Vault,true,false,false,5,17,,12,28,8,28,8,4,88,48,10,16,6,26,6,2,66,48,combatstyle,,Resilience Mod*,Amrita's Dream*,Upgrade Armor*,*,*,*,*,Soaring Fusilier*,,,,,,,
Aeon Swift,3942036043,"""6917529811516347781""",junk,Exotic,Gauntlets,,Hunter,1568,,Solar,1,Vault,true,true,false,1,2,,7,3,25,7,18,6,66,57,7,3,25,7,18,6,66,57,combatstyle,,Change Energy Type*,*,*,*,*,Sect of Force*,,,,,,,,,
Deep Explorer Mask,3262689948,"""6917529768482267569""",,Legendary,Helmet,duality,Hunter,1570,,Void,10,Vault,true,false,false,5,17,,31,14,4,10,23,4,86,60,29,2,2,8,21,2,64,60,combatstyle,,Resilience Mod*,Linear Fusion Rifle Ammo Finder*,Shield Break Charge*,Upgrade Armor*,*,*,*,*,,,,,,,
Lucky Raspberry,903984858,"""6917529475173609171""",,Exotic,Chest Armor,,Hunter,1350,,Void,9,Vault,true,false,false,1,1,,16,3,14,22,2,7,64,54,16,3,14,22,2,7,64,54,combatstyle,,Upgrade Armor*,*,*,*,*,Probability Matrix*,,,,,,,,,
Wormhusk Crown,3562696927,"""6917529355243275676""",,Exotic,Helmet,,Hunter,1569,,Solar,10,Vault,true,true,false,1,3,,21,9,16,20,14,4,84,63,19,2,14,18,12,2,67,63,combatstyle,,Minor Resilience Mod*,Linear Fusion Rifle Ammo Finder*,Ashes to Assets*,Shield Break Charge*,Upgrade Armor*,*,*,*,*,Burning Souls*,,,,,
Moonfang-X7 Grips,100226755,"""6917529195442523970""",,Legendary,Gauntlets,dungeon,Hunter,1350,,Arc,10,Vault,true,true,false,3,11,,27,4,4,10,16,11,72,49,25,2,2,8,14,9,60,49,combatstyle,FULL SET PIECE,Deprecated Armor Mod*,Deprecated Armor Mod*,Taking Charge*,Refurbished Black Armory*,Upgrade Armor*,*,*,*,*,Intrepid Discovery Grips*,,,,,
Mask of Bakris,1619425569,"""6917529528543056330""",,Exotic,Helmet,lostsectors,Hunter,1560,,Solar,10,Vault,true,false,false,4,12,,24,4,18,12,14,12,84,50,12,2,16,10,12,10,62,50,combatstyle,,Mobility Mod*,Submachine Gun Targeting*,Sniper Rifle Targeting*,Upgrade Armor*,*,*,*,*,Light Shift*,,,,,,
Graviton Forfeit,2773056939,"""6917529733416090737""",,Exotic,Helmet,,Hunter,1560,,Arc,1,Vault,true,false,false,1,2,,18,2,14,10,21,2,67,63,18,2,14,10,21,2,67,63,combatstyle,,Change Energy Type*,*,*,*,*,Vanishing Shadow*,,,,,,,,,
Transversive Steps,138282166,"""6917529429317455183""",,Exotic,Leg Armor,,Warlock,1570,,Arc,10,Vault,true,false,false,1,1,,5,14,22,4,33,10,88,34,3,12,20,2,21,8,66,34,combatstyle,,Intellect Mod*,Fusion Rifle Scavenger*,Monochromatic*,Upgrade Armor*,*,*,*,*,Mindstriders*,Strange Protractor*,,,,,
Actium War Rig,1591207518,"""6917529370705539573""",,Exotic,Chest Armor,,Titan,1350,,Solar,2,Vault,true,false,false,1,1,,3,21,11,9,10,12,66,30,3,21,11,9,10,12,66,30,combatstyle,,Upgrade Armor*,*,*,*,*,Auto-Loading Link*,,,,,,,,,
The Path of Burning Steps,1453120846,"""6917529808728295554""",,Exotic,Leg Armor,lostsectors,Titan,1570,,Solar,10,Vault,true,false,false,4,14,,4,25,18,16,4,19,86,32,2,13,16,14,2,17,64,32,combatstyle,,Resilience Mod*,Innervation*,Recuperation*,Upgrade Armor*,*,*,*,*,Firewalker*,,,,,,
Boots of Ascendancy,2085872226,"""6917529580892686852""",,Legendary,Leg Armor,garden,Warlock,1350,,Arc,10,Vault,true,false,false,4,12,,8,18,20,4,22,12,84,26,6,6,18,2,20,10,62,26,"combatstyle,gardenofsalvation",,Resilience Mod*,Radiant Light*,Upgrade Armor*,*,*,*,*,,,,,,,,
Promethium Spur,235591051,"""6917529597458598224""",,Exotic,Leg Armor,,Warlock,1350,,Arc,4,Vault,true,false,false,3,9,,7,2,23,2,23,6,63,27,7,2,23,2,23,6,63,27,combatstyle,,Upgrade Armor*,*,*,*,*,Embers of Light*,,,,,,,,,
Pyrrhic Ascent Grasps,197672677,"""6917529384849746441""",,Legendary,Gauntlets,trials,Hunter,1350,,Stasis,10,Vault,true,false,false,4,14,,24,14,12,4,29,4,87,51,12,12,10,2,27,2,65,51,combatstyle,,Mobility Mod*,Grenade Kickstart*,Taking Charge*,Upgrade Armor*,*,*,*,*,,,,,,,
Phoenix Protocol,4057299719,"""6917529203723214400""",,Exotic,Chest Armor,,Warlock,1560,,Solar,10,Vault,true,false,false,2,4,,6,13,28,14,18,4,83,39,4,11,16,12,16,2,61,39,combatstyle,BL Phoenix Protocol,Recovery Mod*,High-Energy Fire*,Upgrade Armor*,*,*,*,*,Battle-Hearth*,,,,,,,
Iron Fellowship Grips,3671337107,"""6917529203439164021""",,Legendary,Gauntlets,ironbanner,Hunter,1350,,Arc,10,Vault,true,false,false,3,11,,15,4,24,8,11,18,80,45,13,2,17,6,9,16,63,45,combatstyle,,Minor Recovery Mod*,Hand Cannon Loader*,Bitterpearl*,Upgrade Armor*,*,*,*,*,Qiao's Care*,,,,,,
Red Moon Phantom Mask,1395001913,"""6917529438644342439""",,Legendary,Helmet,legendaryengram,Hunter,1350,,Arc,1,Vault,true,false,false,4,13,,2,2,24,2,2,28,60,30,2,2,24,2,2,28,60,30,combatstyle,,Change Energy Type*,*,*,*,*,,,,,,,,,,
Osmiomancy Gloves,3259193988,"""6917529654975961511""",,Exotic,Gauntlets,lostsectors,Warlock,1560,,Stasis,10,Vault,true,false,false,5,16,,9,18,19,26,4,8,84,47,7,16,7,24,2,6,62,47,combatstyle,,Recovery Mod*,Fastball*,Grenade Kickstart*,Upgrade Armor*,*,*,*,*,Fervid Coldsnap*,,,,,,
Sovereign Vest,3060679667,"""6917529203236658751""",,Legendary,Chest Armor,nm,Hunter,1558,,Solar,10,Vault,true,false,false,3,10,,4,18,26,14,18,8,88,54,2,6,24,12,16,6,66,54,combatstyle,,Resilience Mod*,Unflinching Pulse Rifle Aim*,Unflinching Pulse Rifle Aim*,Amrita's Dream*,Upgrade Armor*,*,*,*,*,Fire-Forged Hunter Chest Ornament*,,,,,
Grips of the Great Hunt,3889633083,"""6917529211161028134""",,Legendary,Gauntlets,lastwish,Hunter,1350,,Arc,10,Vault,true,false,false,4,12,,18,4,28,15,14,10,89,57,6,2,26,13,12,8,67,57,"combatstyle,lastwish",in orph and sixth (and assassin's cowl) build,Mobility Mod*,Hand Cannon Loader*,Amrita's Dream*,Upgrade Armor*,*,*,*,*,Gheleon's Iron Grips*,,,,,,
Foetracer,896224899,"""6917529222596632479""",,Exotic,Helmet,,Hunter,1560,,Solar,10,Vault,true,false,false,1,1,,6,19,23,4,23,12,87,48,4,7,21,2,21,10,65,48,combatstyle,,Resilience Mod*,Pulse Rifle Targeting*,Pulse Rifle Targeting*,Upgrade Armor*,*,*,*,*,War Painted*,Relentless Tracker*,,,,,
Errant Knight 1.0,2531405438,"""6917529528208717622""",,Legendary,Chest Armor,legendaryengram,Hunter,1350,,Arc,10,Vault,true,false,false,4,12,,14,4,32,14,11,14,89,53,2,2,30,12,9,12,67,53,combatstyle,,Mobility Mod*,Unflinching Scout Rifle Aim*,Unflinching Scout Rifle Aim*,Upgrade Armor*,*,*,*,*,,,,,,,
Moonfang-X7 Rig,4121885325,"""6917529529015440730""",,Legendary,Chest Armor,dungeon,Hunter,1350,,Void,1,Vault,true,false,false,3,11,,11,2,18,2,25,2,60,56,11,2,18,2,25,2,60,56,combatstyle,,Change Energy Type*,*,*,*,*,,,,,,,,,,
Doom Fang Pauldron,241462141,"""6917529808791259344""",,Exotic,Gauntlets,,Titan,1570,,Arc,1,Vault,true,false,false,1,1,,2,14,18,9,2,21,66,29,2,14,18,9,2,21,66,29,combatstyle,,Change Energy Type*,*,*,*,*,Horns of Doom*,,,,,,,,,
St0mp-EE5,193869520,"""6917529395855744311""",,Exotic,Leg Armor,,Hunter,1578,,Arc,10,Vault,true,true,false,1,1,,19,4,26,17,14,8,88,58,17,2,14,15,12,6,66,58,combatstyle,,Recovery Mod*,Quick Charge*,Amrita's Dream*,Upgrade Armor*,*,*,*,*,R3-Treads*,Hydraulic Boosters*,,,,,
Raiju's Harness,2268523867,"""6917529735277839916""",,Exotic,Chest Armor,,Hunter,1560,,Arc,1,Vault,true,false,false,3,10,,15,2,14,10,19,2,62,58,15,2,14,10,19,2,62,58,combatstyle,,Change Energy Type*,*,*,*,*,Mobius Conduit*,,,,,,,,,
Antaeus Wards,2423243921,"""6917529547206186376""",,Exotic,Leg Armor,,Titan,1350,,Solar,1,Vault,true,false,false,2,4,,3,17,14,20,8,2,64,42,3,17,14,20,8,2,64,42,combatstyle,,Change Energy Type*,*,*,*,*,Reflective Vents*,,,,,,,,,
Solstice Grasps (Magnificent),2629627596,"""6917529200945743084""",,Legendary,Gauntlets,events,Hunter,1350,,Solar,3,Vault,true,true,false,3,11,Solstice,13,2,15,22,2,6,60,52,13,2,15,22,2,6,60,52,combatstyle,,Change Energy Type*,*,*,*,*,Valkyrian Grips*,,,,,,,,,
Tusked Allegiance Grips,4017738218,"""6917529733432429247""",,Legendary,Gauntlets,psiops,Hunter,1550,,Void,2,Vault,true,false,false,5,16,,10,2,20,15,16,2,65,61,10,2,20,15,16,2,65,61,combatstyle,,Upgrade Armor*,*,*,*,*,Uniformed Officer*,,,,,,,,,
The Bombardiers,1219761634,"""6917529500197743932""",,Exotic,Leg Armor,,Hunter,1350,,Arc,10,Vault,true,false,false,3,9,,20,4,24,25,10,4,87,61,18,2,12,23,8,2,65,61,combatstyle,,Recovery Mod*,Powerful Friends*,Upgrade Armor*,*,*,*,*,Parting Gift*,,,,,,,
Sanguine Alchemy,3070555693,"""6917529805617229341""",,Exotic,Chest Armor,,Warlock,1570,,Void,1,Vault,true,false,false,1,3,,6,3,24,20,2,12,67,47,6,3,24,20,2,12,67,47,combatstyle,,Change Energy Type*,*,*,*,*,Blood Magic*,,,,,,,,,
Solstice Mask (Magnificent),3742741341,"""6917529200958205158""",,Legendary,Helmet,events,Hunter,1350,,Solar,1,Vault,true,false,false,3,11,Solstice,24,2,6,6,22,2,62,58,24,2,6,6,22,2,62,58,combatstyle,,Change Energy Type*,*,*,*,*,,,,,,,,,,
Star-Eater Scales,1001356380,"""6917529682727823995""",,Exotic,Leg Armor,lostsectors,Hunter,1559,,Solar,2,Vault,true,false,false,4,14,,12,8,13,8,21,2,64,54,12,8,13,8,21,2,64,54,combatstyle,,Upgrade Armor*,*,*,*,*,Feast of Light*,,,,,,,,,
Second Chance,1443166262,"""6917529815029121925""",,Exotic,Gauntlets,lostsectors,Titan,1575,,Arc,1,Vault,true,false,false,5,17,,11,13,6,14,10,7,61,30,11,13,6,14,10,7,61,30,combatstyle,,Change Energy Type*,*,*,*,*,Myrmidon's Reach*,,,,,,,,,
Eternal Warrior,2808156426,"""6917529203847962639""",,Exotic,Helmet,,Titan,1350,,Arc,5,Vault,true,false,false,1,3,,2,11,18,2,12,18,63,32,2,11,18,2,12,18,63,32,combatstyle,,Upgrade Armor*,*,*,*,*,Resolute*,,,,,,,,,
Sovereign Vest,3060679667,"""6917529198795542426""",,Legendary,Chest Armor,nm,Hunter,1560,,Void,10,Vault,true,true,false,3,10,,17,4,17,21,21,4,84,58,15,2,15,9,19,2,62,58,combatstyle,in celest build,Discipline Mod*,Void Resistance*,Deprecated Armor Mod*,Well of Utility*,Bitterpearl*,Upgrade Armor*,*,*,*,*,Pyrrhic Ascent Vest*,,,,
Anti-Extinction Robes,3373566763,"""6917529196063544013""",,Legendary,Chest Armor,do,Warlock,1560,,Arc,10,Vault,true,false,false,3,10,,4,18,24,8,24,4,82,34,2,6,22,6,22,2,60,34,combatstyle,,Resilience Mod*,Deprecated Armor Mod*,Deprecated Armor Mod*,Elemental Charge*,Amrita's Dream*,Change Energy Type*,*,*,*,*,Couturier Longcoat*,,,,
Peacekeepers,3539357319,"""6917529808576622295""",,Exotic,Leg Armor,,Titan,1570,,Arc,10,Vault,true,false,false,1,1,,5,16,28,9,22,8,88,43,3,14,16,7,20,6,66,43,combatstyle,,Recovery Mod*,Invigoration*,Quick Charge*,Upgrade Armor*,*,*,*,*,Mecha Holster*,,,,,,
Solstice Grasps (Magnificent),2629627596,"""6917529200739799787""",,Legendary,Gauntlets,events,Hunter,1350,,Void,3,Vault,true,false,false,3,11,Solstice,2,8,22,12,2,18,64,38,2,8,22,12,2,18,64,38,combatstyle,,Upgrade Armor*,*,*,*,*,,,,,,,,,,
Lion Rampant,3539357318,"""6917529808696732302""",,Exotic,Leg Armor,,Titan,1580,,Arc,10,Vault,true,false,false,1,1,,4,26,20,18,14,8,90,46,2,14,18,16,12,6,68,46,combatstyle,,Resilience Mod*,Invigoration*,Quick Charge*,Upgrade Armor*,*,*,*,*,Jump Jets*,,,,,,
Khepri's Sting,2757274117,"""6917529196502228249""",,Exotic,Gauntlets,,Hunter,1350,,Void,10,Vault,true,true,false,2,7,,15,11,15,10,4,33,88,36,13,9,13,8,2,21,66,36,combatstyle,,Strength Mod*,Upgrade Armor*,*,*,*,*,Touch of Venom*,,,,,,,,
Point-Contact Cannon Brace,1703598057,"""6917529815029119398""",,Exotic,Gauntlets,lostsectors,Titan,1575,,Solar,4,Vault,true,false,false,5,18,,2,13,16,11,6,14,62,33,2,13,16,11,6,14,62,33,combatstyle,,Upgrade Armor*,*,*,*,*,Hammer of the Gods*,,,,,,,,,
Phobos Warden Helm,1884301546,"""6917529370705538820""",,Legendary,Helmet,strikes,Titan,1350,,Solar,1,Vault,true,true,false,4,14,,6,2,22,15,15,2,62,52,6,2,22,15,15,2,62,52,combatstyle,,Change Energy Type*,*,*,*,*,,,,,,,,,,
Aeon Safe,1654461647,"""6917529357074541591""",,Exotic,Gauntlets,,Titan,1350,,Void,2,Vault,true,false,false,1,2,,11,8,16,16,8,8,67,40,11,8,16,16,8,8,67,40,combatstyle,,Upgrade Armor*,*,*,*,*,Sect of Force*,,,,,,,,,
Vest of Transcendence,4177973942,"""6917529196069440672""",,Legendary,Chest Armor,garden,Hunter,1350,,Void,8,Vault,true,true,false,3,11,,19,2,10,11,8,10,60,48,19,2,10,11,8,10,60,48,"combatstyle,gardenofsalvation",,Major Resist*,Upgrade Armor*,*,*,*,*,,,,,,,,,
Aeon Swift,3942036043,"""6917529794851076843""",junk,Exotic,Gauntlets,,Hunter,1570,,Arc,3,Vault,true,false,false,1,2,,3,9,23,6,16,12,69,48,3,9,23,6,16,12,69,48,combatstyle,,Upgrade Armor*,*,*,*,*,Sect of Force*,,,,,,,,,
Greaves of Ascendancy,11974904,"""6917529195059748945""",,Legendary,Leg Armor,garden,Titan,1350,,Solar,1,Vault,true,false,false,3,11,,13,10,8,7,14,10,62,29,13,10,8,7,14,10,62,29,"combatstyle,gardenofsalvation",,Change Energy Type*,*,*,*,*,,,,,,,,,,
Gemini Jester,1163283805,"""6917529585719758766""",,Exotic,Leg Armor,,Hunter,1350,,Void,1,Vault,true,false,false,1,2,,16,2,15,11,16,2,62,58,16,2,15,11,16,2,62,58,combatstyle,,Change Energy Type*,*,*,*,*,Misdirection*,,,,,,,,,
Mk. 44 Stand Asides,136355432,"""6917529835622541085""",,Exotic,Leg Armor,,Titan,1580,,Solar,1,Vault,true,false,false,1,2,,3,11,19,29,2,2,66,50,3,11,19,29,2,2,66,50,combatstyle,,Change Energy Type*,*,*,*,*,"Seriously, Watch Out*",,,,,,,,,
Raiden Flux,2766109872,"""6917529517779948393""",,Exotic,Chest Armor,,Hunter,1350,,Solar,3,Vault,true,true,false,1,1,,9,3,22,6,18,8,66,55,9,3,22,6,18,8,66,55,combatstyle,,Upgrade Armor*,*,*,*,*,Synapse Junctions*,,,,,,,,,
The Dragon's Shadow,2766109874,"""6917529205085599566""",,Exotic,Chest Armor,,Hunter,1562,,Arc,10,Vault,true,true,false,1,1,,10,6,24,17,15,4,76,58,8,4,22,15,13,2,64,58,combatstyle,,Unflinching Submachine Gun Aim*,Unflinching Submachine Gun Aim*,Powerful Friends*,Iron to Steel*,Upgrade Armor*,*,*,*,*,Tiamat*,Wraithmetal Mail*,,,,
Caliban's Hand,3453042252,"""6917529776356384876""",,Exotic,Gauntlets,lostsectors,Hunter,1570,,Arc,10,Vault,true,false,false,5,17,,14,15,9,14,4,20,76,33,12,13,7,12,2,18,64,33,combatstyle,,Deprecated Armor Mod*,Deprecated Armor Mod*,Radiant Light*,Photo Finish*,Upgrade Armor*,*,*,*,*,Roast 'Em*,,,,,
Wild Hunt Vestment,317220729,"""6917529417377899995""",,Legendary,Chest Armor,seasonpass,Warlock,1350,,Void,10,Vault,true,false,false,4,12,,4,4,30,4,27,4,73,32,2,2,28,2,25,2,61,32,combatstyle,,Upgrade Armor*,*,*,*,*,,,,,,,,,,
Lunafaction Boots,4136768282,"""6917529804639618504""",,Exotic,Leg Armor,,Warlock,1570,,Solar,1,Vault,true,false,false,1,1,,2,8,25,2,14,13,64,35,2,8,25,2,14,13,64,35,combatstyle,,Change Energy Type*,*,*,*,*,Alchemical Etchings*,,,,,,,,,
Lost Pacific Gauntlets,1598597433,"""6917529812993609814""",,Legendary,Gauntlets,,Titan,1569,,Solar,3,Vault,true,false,false,4,15,,2,27,2,6,2,26,65,10,2,27,2,6,2,26,65,10,combatstyle,,Upgrade Armor*,*,*,*,*,,,,,,,,,,
Dreambane Gauntlets,1699964364,"""6917529815088280671""",,Legendary,Gauntlets,moon,Titan,1570,,Arc,7,Vault,true,false,false,4,13,,2,24,7,2,26,2,63,35,2,24,7,2,26,2,63,35,"combatstyle,nightmare",,Upgrade Armor*,*,*,*,*,,,,,,,,,,
Geomag Stabilizers,121305948,"""6917529598423130686""",,Exotic,Leg Armor,,Warlock,1552,,Void,2,Vault,true,false,false,2,4,,7,3,23,13,16,2,64,39,7,3,23,13,16,2,64,39,combatstyle,,Upgrade Armor*,*,*,*,*,Close Enough*,,,,,,,,,
Citan's Ramparts,1190497097,"""6917529204410262622""",,Exotic,Gauntlets,,Titan,1350,,Arc,10,Vault,true,false,false,3,10,,8,14,25,4,20,13,84,33,6,12,13,2,18,11,62,33,combatstyle,,Recovery Mod*,Hand Cannon Loader*,Upgrade Armor*,*,*,,*,,*,,Assault Barricade*,,,,
Flowing Vest (CODA),508076356,"""6917529195453925314""",,Legendary,Chest Armor,dungeon,Hunter,1350,,Solar,4,Vault,true,true,false,3,11,,23,7,2,15,14,2,63,54,23,7,2,15,14,2,63,54,combatstyle,VOID CHEST,Upgrade Armor*,*,*,*,*,,,,,,,,,,
Aeon Soul,2950045886,"""6917529175042052871""",,Exotic,Gauntlets,,Warlock,1560,,Void,10,Vault,true,true,false,1,2,,9,22,18,21,12,4,86,45,7,10,16,19,10,2,64,45,combatstyle,,Resilience Mod*,Deprecated Armor Mod*,Fastball*,Shield Break Charge*,Upgrade Armor*,*,*,*,*,Sect of Insight*,,,,,
Karnstein Armlets,3844826440,"""6917529304588423720""",,Exotic,Gauntlets,,Warlock,1350,,Solar,10,Vault,true,false,false,1,1,,8,10,21,4,21,10,74,29,6,8,19,2,19,8,62,29,combatstyle,,Upgrade Armor*,*,*,*,*,Vampire's Caress*,,,,,,,,,
Flowing Vest (CODA),508076356,"""6917529201150368281""",,Legendary,Chest Armor,dungeon,Hunter,1350,,Arc,10,Vault,true,true,false,3,11,,4,4,29,20,9,9,75,54,2,2,27,18,7,7,63,54,combatstyle,FULL SET PIECE,Sniper Rifle Reserves*,Rocket Launcher Reserves*,Refurbished Black Armory*,Upgrade Armor*,*,*,*,*,Steeplechase Vest*,,,,,,
Renewal Grasps,2169905051,"""6917529662012260485""",,Exotic,Gauntlets,lostsectors,Hunter,1560,,Stasis,10,Vault,true,false,false,5,16,,15,4,23,4,21,13,80,50,8,2,21,2,19,11,63,50,combatstyle,,Minor Mobility Mod*,Grenade Kickstart*,Grenade Kickstart*,Amrita's Dream*,Upgrade Armor*,*,*,*,*,Depths of Duskfield*,,,,,
Icefall Mantle,1467044898,"""6917529208433595498""",,Exotic,Gauntlets,lostsectors,Titan,1350,,Arc,3,Vault,true,false,false,4,12,,14,19,7,22,2,8,72,31,14,9,7,22,2,8,62,31,combatstyle,,Resilience Mod*,Blueshift Dreams*,Upgrade Armor*,*,*,*,*,Glacial Guard*,,,,,,,
Gloves of the Great Hunt,3492720019,"""6917529203571159691""",,Legendary,Gauntlets,lastwish,Warlock,1350,,Void,10,Vault,true,false,false,3,11,,4,15,28,4,20,14,85,31,2,13,16,2,18,12,63,31,"combatstyle,lastwish",,Recovery Mod*,Shield Break Charge*,Upgrade Armor*,*,*,*,*,,,,,,,,
Secant Filaments,511888814,"""6917529806460741488""",,Exotic,Leg Armor,lostsectors,Warlock,1570,,Arc,3,Vault,true,false,false,5,16,,2,12,17,15,6,10,62,44,2,12,17,15,6,10,62,44,combatstyle,,Upgrade Armor*,*,*,*,*,Devouring Rift*,,,,,,,,,
Channeling Robes (CODA),1652467433,"""6917529400001798153""",,Legendary,Chest Armor,dungeon,Warlock,1350,,Arc,10,Vault,true,false,false,3,11,,11,16,9,26,8,4,74,45,9,14,7,24,6,2,62,45,combatstyle,,Upgrade Armor*,*,*,*,*,,,,,,,,,,
Star-Eater Scales,1001356380,"""6917529353146820740""",,Exotic,Leg Armor,lostsectors,Hunter,1570,,Solar,10,Vault,true,false,false,4,14,,10,22,14,9,24,4,83,49,8,10,12,7,22,2,61,49,combatstyle,,Resilience Mod*,Shotgun Scavenger*,Well of Ordnance*,Bitterpearl*,Upgrade Armor*,*,*,*,*,Tekeli-li*,Feast of Light*,,,,
Tusked Allegiance Strides,3056950148,"""6917529757178307917""",,Legendary,Leg Armor,psiops,Hunter,1550,,Arc,10,Vault,true,false,false,5,16,,4,14,31,12,23,4,88,62,2,2,29,10,21,2,66,62,combatstyle,,Resilience Mod*,Shield Break Charge*,Upgrade Armor*,*,*,*,*,Uniformed Officer*,,,,,,,
Ursa Furiosa,1848640623,"""6917529278699816301""",,Exotic,Gauntlets,,Titan,1350,,Arc,10,Vault,true,false,false,2,4,,17,6,15,9,16,12,75,34,15,4,13,7,14,10,63,34,combatstyle,,Taking Charge*,Upgrade Armor*,*,,*,*,,*,Ursus Maritimus*,Ursine Guard*,,,,,
Twisting Echo Vest,3587911011,"""6917529579761094499""",,Legendary,Chest Armor,30th,Hunter,1547,,Void,6,Vault,true,false,false,4,15,,2,11,18,16,2,16,65,38,2,11,18,16,2,16,65,38,combatstyle,,Upgrade Armor*,*,*,*,*,Artifice Armor*,,,,,,,,,
Stormdancer's Brace,1996008488,"""6917529783879309497""",,Exotic,Chest Armor,campaign,Warlock,1560,,Void,2,Vault,true,false,false,3,8,,2,11,20,2,23,6,64,33,2,11,20,2,23,6,64,33,combatstyle,,Upgrade Armor*,*,*,*,*,Ascending Amplitude*,,,,,,,,,
Loreley Splendor Helm,3316517958,"""6917529628286949168""",,Exotic,Helmet,lostsectors,Titan,1576,,Void,10,Vault,true,false,false,5,16,,11,24,14,14,20,4,87,42,9,12,12,12,18,2,65,42,combatstyle,,Resilience Mod*,Submachine Gun Targeting*,In-Flight Compensator*,Wicked Overgrowth*,Upgrade Armor*,*,*,*,*,Cauterizing Flame*,,,,,
Lightkin Mask,30472172,"""6917529414577480600""",,Legendary,Helmet,servitor,Hunter,1350,,Solar,8,Vault,true,false,false,4,14,,2,2,28,2,9,20,63,41,2,2,28,2,9,20,63,41,combatstyle,,Upgrade Armor*,*,*,*,*,,,,,,,,,,
Sovereign Gloves,1117943570,"""6917529548038524594""",,Legendary,Gauntlets,nm,Warlock,1350,,Stasis,2,Vault,true,false,false,3,10,,10,2,21,2,2,27,64,25,10,2,21,2,2,27,64,25,combatstyle,,Upgrade Armor*,*,*,*,*,,,,,,,,,,
Synthoceps,241462142,"""6917529500197744374""",,Exotic,Gauntlets,,Titan,1553,,Stasis,10,Vault,true,false,false,1,1,,4,29,17,4,8,25,87,23,2,17,15,2,6,23,65,23,combatstyle,,Resilience Mod*,Deprecated Armor Mod*,Fastball*,Elemental Charge*,Upgrade Armor*,*,*,*,*,Biotic Enhancements*,,,,,
Eye of Another World,3381022970,"""6917529379684054829""",,Exotic,Helmet,,Warlock,1560,,Solar,10,Vault,true,false,false,1,1,,9,14,24,19,4,13,83,41,7,2,22,17,2,11,61,41,combatstyle,,Resilience Mod*,Deprecated Armor Mod*,Deprecated Armor Mod*,Firepower*,Upgrade Armor*,*,,*,,*,,*,,Cerebral Uplink*,
Fallen Sunstar,1849149215,"""6917529814570258047""",,Exotic,Helmet,lostsectors,Warlock,1585,,Void,10,Vault,true,false,false,5,18,,4,17,16,20,17,11,85,37,2,15,14,8,15,9,63,37,combatstyle,,Discipline Mod*,Harmonic Siphon*,Harmonic Siphon*,Elemental Ordnance*,Upgrade Armor*,*,*,*,*,Ionic Conductor*,,,,,
Deep Explorer Vest,4289018379,"""6917529768482266917""",,Legendary,Chest Armor,duality,Hunter,1559,,Void,3,Vault,true,false,false,5,17,,16,2,14,31,8,2,73,59,16,2,14,21,8,2,63,59,combatstyle,,Discipline Mod*,Upgrade Armor*,*,*,*,*,,,,,,,,,
Felwinter's Helm,2822465023,"""6917529804325231040""",,Exotic,Helmet,,Warlock,1570,,Stasis,1,Vault,true,false,false,3,10,,2,2,30,7,13,10,64,39,2,2,30,7,13,10,64,39,combatstyle,,Change Energy Type*,*,*,*,*,Warlord's End*,,,,,,,,,
Stronghold,2240152949,"""6917529825939816407""",,Exotic,Gauntlets,,Titan,1580,,Arc,1,Vault,true,false,false,2,6,,6,26,2,6,16,12,68,24,6,26,2,6,16,12,68,24,combatstyle,,Change Energy Type*,*,*,*,*,Clenched Fist*,,,,,,,,,
Terra Concord Greaves,1063507982,"""6917529193431755472""",,Legendary,Leg Armor,legendaryengram,Titan,1350,,Void,10,Vault,true,false,false,3,11,,4,18,5,17,20,4,68,41,2,16,13,10,18,2,61,41,combatstyle,,Minor Discipline Mod*,Rocket Launcher Scavenger*,Stacks on Stacks*,Change Energy Type*,*,*,*,*,,,,,,,
Dunemarchers,1160559849,"""6917529746926841093""",,Exotic,Leg Armor,,Titan,1570,,Arc,10,Vault,true,false,false,1,1,,5,20,25,12,21,4,87,52,3,8,23,10,19,2,65,52,combatstyle,,Resilience Mod*,Powerful Friends*,Upgrade Armor*,*,*,*,*,Linear Actuators*,,,,,,,
Aeon Swift,3942036043,"""6917529735884340538""",,Exotic,Gauntlets,,Hunter,1560,,Arc,10,Vault,true,false,false,1,2,,5,29,15,4,31,4,88,47,3,17,13,2,29,2,66,47,combatstyle,,Resilience Mod*,Submachine Gun Loader*,Deprecated Armor Mod*,Taking Charge*,Upgrade Armor*,*,*,*,*,Sect of Insight*,,,,,
Iron Truage Greaves,23061005,"""6917529311527114076""",,Legendary,Leg Armor,ironbanner,Titan,1350,,Void,10,Vault,true,false,false,4,13,,4,4,28,18,18,14,86,48,2,2,26,6,16,12,64,48,combatstyle,,Discipline Mod*,Taking Charge*,Iron Mossbone*,Upgrade Armor*,*,*,*,*,Solstice Greaves (Resplendent)*,,,,,,
Phoenix Cradle,1537074069,"""6917529804890194033""",,Exotic,Leg Armor,campaign,Titan,1560,,Arc,10,Vault,true,false,false,3,8,,8,14,22,18,11,8,81,45,6,7,20,16,9,6,64,45,combatstyle,,Minor Resilience Mod*,Linear Fusion Rifle Scavenger*,Absolution*,Seeking Wells*,Upgrade Armor*,*,*,*,*,Beacons of Empowerment*,,,,,
No Backup Plans,3267996858,"""6917529752835321489""",,Exotic,Gauntlets,lostsectors,Titan,1559,,Solar,1,Vault,true,false,false,4,15,,9,6,17,2,14,14,62,33,9,6,17,2,14,14,62,33,combatstyle,,Change Energy Type*,*,*,*,*,Force Multiplier*,,,,,,,,,
Insight Rover Boots,2905153902,"""6917529211078606444""",,Legendary,Leg Armor,legendaryengram,Hunter,1350,,Void,10,Vault,true,false,false,3,11,,31,4,4,28,4,8,79,54,24,2,2,26,2,6,62,54,combatstyle,celest build,Minor Mobility Mod*,Rocket Launcher Scavenger*,Elemental Charge*,Upgrade Armor*,*,*,*,*,,,,,,,
Transversive Steps,138282166,"""6917529203842331826""",,Exotic,Leg Armor,,Warlock,1560,,Void,10,Vault,true,true,false,1,1,,16,9,25,26,4,8,88,44,14,7,13,24,2,6,66,44,combatstyle,,Recovery Mod*,Shotgun Scavenger*,Monochromatic*,Upgrade Armor*,*,*,*,*,Mindstriders*,Strange Protractor*,,,,,
Oathkeeper,691578978,"""6917529836670750081""",,Exotic,Gauntlets,,Hunter,1579,,Arc,4,Vault,true,false,false,2,4,,28,2,3,23,7,2,65,61,28,2,3,23,7,2,65,61,combatstyle,,Upgrade Armor*,*,*,*,*,Adamantine Brace*,,,,,,,,,
Flowing Vest (CODA),508076356,"""6917529528997146923""",,Legendary,Chest Armor,dungeon,Hunter,1350,,Solar,5,Vault,true,false,false,3,11,,27,2,2,6,24,2,63,59,27,2,2,6,24,2,63,59,combatstyle,,Upgrade Armor*,*,*,*,*,,,,,,,,,,
Wormgod Caress,1734844651,"""6917529775273836997""",,Exotic,Gauntlets,,Titan,1561,,Stasis,1,Vault,true,false,false,1,3,,2,9,24,6,24,2,67,54,2,9,24,6,24,2,67,54,combatstyle,,Change Energy Type*,*,*,*,*,Burning Fists*,,,,,,,,,
Khepri's Horn,2384488862,"""6917529846784250295""",,Exotic,Helmet,,Titan,1588,,Arc,1,Vault,true,false,false,1,2,,2,20,13,20,6,6,67,39,2,20,13,20,6,6,67,39,combatstyle,,Change Energy Type*,*,*,*,*,Solar Rampart*,,,,,,,,,
Red Moon Phantom Mask,1395001913,"""6917529325075648140""",,Legendary,Helmet,legendaryengram,Hunter,1350,,Solar,1,Vault,true,false,false,4,13,,2,13,15,2,29,2,63,48,2,13,15,2,29,2,63,48,combatstyle,,Change Energy Type*,*,*,*,*,,,,,,,,,,
Iron Fellowship Gloves,125833536,"""6917529204537719946""",,Legendary,Gauntlets,ironbanner,Warlock,1560,,Arc,10,Vault,true,true,false,3,11,,15,14,19,30,4,4,86,47,13,2,17,28,2,2,64,47,combatstyle,BL Phoenix Protocol,Resilience Mod*,Hand Cannon Loader*,Amrita's Dream*,Upgrade Armor*,*,*,*,*,,,,,,,
Strides of the Great Hunt,1444894250,"""6917529194978140181""",,Legendary,Leg Armor,lastwish,Hunter,1350,,Arc,10,Vault,true,false,false,3,11,,18,4,25,19,14,4,84,58,16,2,13,17,12,2,62,58,"combatstyle,lastwish",,Recovery Mod*,Radiant Light*,Upgrade Armor*,*,*,*,*,,,,,,,,
Iron Fellowship Strides,3406291173,"""6917529203231514096""",,Legendary,Leg Armor,ironbanner,Hunter,1350,,Void,10,Vault,true,false,false,3,11,,15,4,8,17,21,4,69,58,13,2,16,10,19,2,62,58,combatstyle,,Minor Discipline Mod*,Deprecated Armor Mod*,Stacks on Stacks*,Iron Vendetta*,Upgrade Armor*,*,*,*,*,,,,,,
Fr0st-EE5,609852545,"""6917529442486855397""",,Exotic,Leg Armor,,Hunter,1565,,Arc,10,Vault,true,true,false,1,3,,15,4,32,10,23,4,88,62,13,2,20,8,21,2,66,62,combatstyle,,Recovery Mod*,Deprecated Armor Mod*,Powerful Friends*,Upgrade Armor*,*,*,*,*,Rapid Cooldown*,,,,,,
Lightkin Grips,3479737253,"""6917529394313696164""",,Legendary,Gauntlets,servitor,Hunter,1350,,Arc,9,Vault,true,false,false,4,14,,2,2,28,2,6,24,64,38,2,2,28,2,6,24,64,38,combatstyle,,Upgrade Armor*,*,*,*,*,,,,,,,,,,
Peacekeepers,3539357319,"""6917529628212112163""",,Exotic,Leg Armor,,Titan,1471,,Arc,10,Vault,true,false,false,1,1,,5,10,25,15,10,12,77,44,3,8,23,13,8,10,65,44,combatstyle,,Upgrade Armor*,*,*,*,*,Mecha Holster*,,,,,,,,,
Vesper of Radius,1725917554,"""6917529584015517130""",junk,Exotic,Chest Armor,,Warlock,1350,,Arc,1,Vault,true,false,false,1,2,,2,10,22,16,12,2,64,48,2,10,22,16,12,2,64,48,combatstyle,possible trash,Change Energy Type*,*,*,*,*,Planetary Torrent*,,,,,,,,,
Lightkin Grips,3479737253,"""6917529597725508343""",,Legendary,Gauntlets,servitor,Hunter,1560,,Solar,10,Vault,true,false,false,4,14,,14,4,28,28,8,4,86,60,2,2,26,26,6,2,64,60,combatstyle,,Mobility Mod*,Submachine Gun Loader*,Impact Induction*,Elemental Light*,Change Energy Type*,*,*,*,*,,,,,,
Nothing Manacles,300502917,"""6917529845592560524""",,Exotic,Gauntlets,lostsectors,Warlock,1583,,Stasis,2,Vault,true,false,false,4,15,,10,12,10,20,2,7,61,42,10,12,10,20,2,7,61,42,combatstyle,,Upgrade Armor*,*,*,*,*,Scatter Charge*,,,,,,,,,
Omnioculus,1935198785,"""6917529642457477508""",,Exotic,Chest Armor,lostsectors,Hunter,1570,,Void,10,Vault,true,false,false,4,13,,18,14,18,8,10,19,87,46,16,2,16,6,8,17,65,46,combatstyle,,Resilience Mod*,Concussive Dampener*,Concussive Dampener*,Well of Tenacity*,Upgrade Armor*,*,*,*,*,Beyond The Veil*,,,,,
The Stag,2177524718,"""6917529620972579368""",,Exotic,Helmet,,Warlock,1557,,Void,10,Vault,true,true,false,1,2,,8,4,26,26,4,8,76,50,6,2,24,24,2,6,64,50,combatstyle,,Hand Cannon Targeting*,Hand Cannon Targeting*,Upgrade Armor*,*,*,*,*,Dearly Departed*,,,,,,,
Skull of Dire Ahamkara,1030017949,"""6917529805959929295""",,Exotic,Helmet,,Warlock,1570,,Arc,3,Vault,true,false,false,1,1,,2,22,9,10,14,6,63,41,2,22,9,10,14,6,63,41,combatstyle,,Upgrade Armor*,*,*,*,*,Actual Grandeur*,,,,,,,,,
Tusked Allegiance Robes,3465627817,"""6917529653281061700""",,Legendary,Chest Armor,psiops,Warlock,1553,,Void,10,Vault,true,false,false,5,16,,4,14,20,15,18,10,81,38,2,12,18,8,16,8,64,38,combatstyle,,Minor Discipline Mod*,Unflinching Pulse Rifle Aim*,Unflinching Pulse Rifle Aim*,Amrita's Dream*,Upgrade Armor*,*,*,*,*,Couturier Longcoat*,Uniformed Officer*,,,,